Object ID,Name,Centroid X µm,Centroid Y µm,Cell: CD15 (Opal 620) mean,Cell: H3Cit (Opal 690) mean,Cell: DAPI (DAPI) mean,Cell: CK (Alexa 488) mean,Cell: CD8 (Cy3) mean,Cell: MPO (Cy5) mean
a2b2b99b-4e86-4a37-a648-72db69463722,PathCellObject,767.95,128.72,0.0598,0.0448,0.4024,0.0007,0.1834,0.0929
69c110cd-d692-4c01-bf55-3de2e0dc1209,PathCellObject,855.1,129.02,0.023,0.0094,0.4165,0.0003,0.0704,0.0339
8c435640-a79d-4484-8d29-6187f12719fd,PathCellObject,905.72,128.62,0.0244,0.0117,0.3057,0.0001,0.177,0.0267
61fb3a1a-6f7d-4633-8930-9ffd97e09811,PathCellObject,913.25,130.02,0.0383,0.0118,0.3482,0.0005,0.1755,0.0327
607122e4-1034-4c96-9ab5-212dc416fceb,PathCellObject,931.52,129.9,0.0349,0.0133,0.3449,0.004,0.1788,0.0301
fbca1f3d-ef7b-43ef-8d59-0c3d967c009a,PathCellObject,796.82,129.99,0.0806,0.0201,0.4601,0.0026,0.191,0.0594
76f141a4-a44b-4565-883f-108853c4abea,PathCellObject,847.26,130.35,0.0253,0.0179,0.3623,0.0059,0.1415,0.0457
7df9e33f-ec8f-496f-a26a-1f875afe7e1d,PathCellObject,879.18,128.45,0.2626,0.0844,0.6744,0,0.1872,0.3168
d1eacdb4-0001-449d-8862-28848b43196f,PathCellObject,776.38,128.32,0.1351,0.0925,0.4542,0.0006,0.2486,0.2072
cd78dca4-cd55-42aa-b68f-30b5488d22b4,PathCellObject,807.26,129.84,0.2212,0.1797,0.6187,0.0053,0.246,0.4161
d70d3aad-e872-472b-ad6d-211b9529f1a2,PathCellObject,827.75,131.53,0.0341,0.02,0.3769,0.0021,0.1467,0.0639
d6cc8809-da72-4957-a822-cbbaef7c404d,PathCellObject,837.02,129.27,0.1016,0.1418,0.5818,0.0067,0.2437,0.4081
ebe1bfe1-6b6b-4f89-bd5f-b419409497ca,PathCellObject,863.71,132.37,0.2007,0.0833,0.508,0,0.2085,0.2943
80520737-9150-4e0a-aac0-5434f308988c,PathCellObject,922.25,130.63,0.1084,0.0365,0.088,0.0341,0.1891,0.103
d471647f-2ef6-488c-b636-6fec55c3c797,PathCellObject,888.52,132.59,0.0168,0.0067,0.414,0,0.0768,0.0208
81234d43-f3b0-4c97-8fd0-d25eb9dcf312,PathCellObject,899.23,133.72,0.0277,0.0065,0.2511,0.0076,0.076,0.0227
3167684e-ac9d-46eb-8cbd-ac87e29bbcc6,PathCellObject,713.39,135.59,0.0221,0.008,0.3614,0.0078,0.1842,0.0155
20125817-553f-4f0a-80d0-4006e5dcad62,PathCellObject,746.45,137.77,0.0185,0.0068,0.3352,0.0038,0.1459,0.013
07152015-8f22-421e-8776-347f6c529856,PathCellObject,842.75,136.63,0.0412,0.0404,0.2364,0.0038,0.1665,0.108
19ba941c-a31f-4636-8848-8da06a1cf394,PathCellObject,852.39,137.94,0.0209,0.0097,0.2247,0.0067,0.1025,0.0352
aaa2ec64-4c77-4e72-8f33-b520662b32b0,PathCellObject,835.21,137.66,0.1051,0.1543,0.6299,0.0026,0.2288,0.3946
a1ec528f-5bcb-4048-94af-186c54b14be7,PathCellObject,919.26,138.08,0.0524,0.0493,0.4019,0.0033,0.2241,0.1446
2f004b54-56aa-4633-89b2-017017f6cddf,PathCellObject,809.46,138.42,0.0715,0.0222,0.7232,0.0007,0.4062,0.0562
f21ab436-39f7-41a7-9a5f-6f6328c74651,PathCellObject,871.06,139.5,0.0545,0.0175,0.4469,0,0.1296,0.0648
50d56cdc-2215-4329-a93b-b3626e8473a2,PathCellObject,712.3,141.16,0.0198,0.0072,0.4021,0.0034,0.1596,0.0114
b5b56162-308b-4ffe-9b5c-a9b7d2070cfa,PathCellObject,910.09,142.42,0.0947,0.0455,0.1402,0,0.1513,0.1037
7ef435ed-769f-48c9-8e45-e478b7d832fb,PathCellObject,719.32,143.99,0.0181,0.0066,0.1594,0.0034,0.1382,0.0153
d13a5e25-3820-4a09-b67c-e8917ff6d942,PathCellObject,797.58,143.94,0.0247,0.0084,0.2758,0.0071,0.1695,0.0224
b3d10b8f-ba22-48db-a80f-d04eeed75a66,PathCellObject,830.02,143.45,0.0315,0.0188,0.5262,0.0227,0.1516,0.0544
cff6f9a0-8b2f-4f8b-8106-8268d9e79d66,PathCellObject,860.35,143.83,0.081,0.0314,0.4164,0,0.1478,0.1085
a26ca789-9b9a-4d7a-8969-d4ab7d60c38d,PathCellObject,947,143.93,0.1822,0.1416,0.3193,0,0.2962,0.3623
24e3caef-81ef-4c43-a160-6e848de627a9,PathCellObject,779.42,144.76,0.0166,0.0064,0.1669,0.0006,0.0996,0.02
9323730a-d3df-4246-80fa-59713bcd0d1b,PathCellObject,903.98,143.92,0.0178,0.0066,0.5011,0.0001,0.0931,0.0197
51f45456-7edd-43f9-bac6-39c43f16d698,PathCellObject,822.96,145.78,0.0222,0.0097,0.402,0.0137,0.1462,0.0258
9742d77d-8058-4e8e-ba97-212516d45c00,PathCellObject,843.36,147.88,0.0226,0.011,0.4291,0.0536,0.1429,0.0328
d186eaee-9df0-469c-984e-d580968402e1,PathCellObject,880.2,144.65,0.0562,0.0513,0.4227,0,0.1516,0.2082
d96ef92e-be74-413f-aeed-0532885650c4,PathCellObject,922.61,145.34,0.0738,0.0301,0.2618,0.0025,0.1531,0.0858
bd6ea2b7-101e-45cd-b317-e30c793d452f,PathCellObject,956.38,145.35,0.1066,0.0572,0.0789,0,0.244,0.1811
6041df0c-6248-455d-9e33-31d419df72ad,PathCellObject,972.17,146.72,0.0701,0.0241,0.3208,0.0059,0.1602,0.0843
a67b2ee4-1a9a-462d-8acd-afea06dbc209,PathCellObject,807.92,149.81,0.0255,0.0127,0.5234,0.0135,0.1723,0.0264
d9017700-1498-4273-b9c8-758e3534f089,PathCellObject,711.65,147.36,0.0181,0.0093,0.3965,0.0005,0.1396,0.0124
9efa12e3-cddf-400a-83ec-b93070ffd37e,PathCellObject,902.46,149.85,0.0168,0.0071,0.2796,0,0.0938,0.0198
d5d48c90-5c8e-48a4-80d6-f5a879003aa6,PathCellObject,760.07,152.96,0.0233,0.0101,0.8091,0.0025,0.1497,0.0268
78977937-988c-485f-906e-73d1be6c6917,PathCellObject,749.29,150.49,0.0207,0.0088,0.4154,0.0073,0.1298,0.0231
d9f0aab5-be0a-4f62-81a4-5e73f42f1049,PathCellObject,884.76,150.14,0.0228,0.0172,0.1315,0,0.1358,0.0589
db6685d8-382f-427a-a347-91f61e2d9f8d,PathCellObject,929.01,149.76,0.1765,0.0941,0.1059,0.0343,0.2355,0.253
d9e897e8-2e9d-488d-88fa-263ce1b7f466,PathCellObject,773.3,150.6,0.0178,0.0071,0.1905,0.004,0.1058,0.0185
a694f878-9adb-4575-9ff0-28ac24ef7b44,PathCellObject,795.48,151.93,0.0207,0.0099,0.382,0.0195,0.1488,0.0231
7b754df0-9422-4187-910f-7a086b48fa77,PathCellObject,861.06,151.48,0.1995,0.0804,0.5633,0,0.1974,0.2723
7f5306a8-a233-4c9c-9f8a-aa593f3b2539,PathCellObject,714.55,151.79,0.0194,0.0076,0.3271,0.0025,0.1364,0.0148
16ae4c2a-99a4-4887-8649-2b7f297601b2,PathCellObject,728.83,151.93,0.1356,0.1238,0.5371,0.0015,0.2294,0.3311
ef6649cd-9eae-41d3-bd55-3f8033ef6561,PathCellObject,738.01,151.59,0.0862,0.0398,0.4114,0.009,0.199,0.1339
b2b4c9cd-0ab3-4db7-b8de-f001ce9b2eee,PathCellObject,784.58,152.29,0.0248,0.0108,0.4881,0.0169,0.1838,0.0247
9126b591-8efb-45a3-90ee-c4a28b04573a,PathCellObject,826.36,153.61,0.0406,0.0119,0.3613,0.0383,0.1432,0.0344
706b7205-05f0-4f9d-a9b1-ab17101d8d00,PathCellObject,921.49,152.7,0.0792,0.0652,0.0779,0.0019,0.15,0.1707
8d473740-3517-4b2a-bbd3-8cabb304e711,PathCellObject,989.43,153.74,0.0746,0.0183,0.59,0.0001,0.2814,0.0533
2100cdcf-e044-45bd-b31a-694ac86e7ecc,PathCellObject,953.18,153.31,0.1701,0.2573,0.47,0,0.2564,0.531
4709f387-07f6-4091-ae42-f999b0896628,PathCellObject,980.77,154.27,0.1673,0.0657,0.4638,0,0.2038,0.1904
aeb4f756-10be-4218-8762-5b4b0da7d5e5,PathCellObject,742.73,157.23,0.0453,0.0259,0.3703,0.0026,0.1445,0.073
e54fe1d8-658b-4215-961c-49d1746f0abf,PathCellObject,776.67,156.44,0.028,0.0113,0.3809,0.0077,0.1744,0.033
f4d7849a-b8aa-45c5-aa68-5d3acac96703,PathCellObject,972.25,156.25,0.208,0.086,0.4343,0.0006,0.2074,0.2838
827eeaef-1905-4080-8a8f-2ac81cc26f8e,PathCellObject,928.6,157.94,0.114,0.0747,0.3675,0.0123,0.2385,0.2416
026f3708-a85d-447f-8ea2-734a363062f8,PathCellObject,850.6,159.89,0.0303,0.0236,0.3573,0,0.1587,0.0779
29f6a393-e2a4-4ec8-bcda-70baa8b65138,PathCellObject,868.36,158.95,0.071,0.0182,0.6612,0,0.2514,0.0556
f25522e1-f140-4ed1-9344-bd771dc08719,PathCellObject,986.87,159.36,0.1986,0.063,0.8241,0,0.2625,0.2092
eb0049d0-2fe4-4127-99e2-044fda8b5cbe,PathCellObject,768.45,159.54,0.0226,0.0097,0.3344,0.0268,0.1554,0.0273
c3ac85d1-4e01-46a0-aaad-8c2a31bc2a9e,PathCellObject,899.23,158.68,0.0208,0.0062,0.377,0,0.1178,0.0126
1c282c33-382b-4735-96f3-9d4455aea294,PathCellObject,723.2,161.69,0.031,0.0127,0.2124,0.0149,0.1698,0.0351
7fd95c3c-2ecb-4655-b6d3-5ea1a5725c08,PathCellObject,784.99,159,0.0493,0.0104,0.2565,0.0083,0.1037,0.0352
43436746-a54f-4f75-84bf-1572780b779c,PathCellObject,835.95,158.62,0.0632,0.0207,0.3527,0.0121,0.1223,0.0733
21652634-8354-4d86-bf7c-a399f742c8dd,PathCellObject,951.15,159.84,0.115,0.3227,0.4585,0.0006,0.2111,0.5117
151fbe79-d3a3-4652-93a5-95360083f53b,PathCellObject,801.57,160.93,0.1485,0.0635,0.3291,0.0052,0.1177,0.1918
5cf3561c-ecda-404d-8b98-6b5d88316f04,PathCellObject,963.92,160.89,0.175,0.1881,0.2704,0.0054,0.2293,0.4056
c0624f24-d999-4ffa-88e1-ef90c98c58c6,PathCellObject,712.07,161.05,0.1871,0.1739,0.4309,0.0028,0.2411,0.4294
3d21c026-3c18-4650-8329-b1ef5df890ec,PathCellObject,978.71,161.81,0.061,0.0225,0.5447,0.0024,0.1127,0.0799
9d36eaa1-242a-4301-be4d-5789f1ba7e4b,PathCellObject,841.14,163.18,0.1926,0.129,0.4648,0,0.2554,0.3802
ebc654de-8e0d-4493-babb-26deb0e95ee6,PathCellObject,913,162.52,0.0688,0.0158,0.6454,0,0.1514,0.051
e099bbf3-95ad-4331-9edf-b86959e2874d,PathCellObject,761.05,164.46,0.0204,0.0098,0.3817,0.0187,0.1461,0.0267
3dfb616e-7061-45fb-9aff-1ee5c7183f9a,PathCellObject,996.04,163.08,0.0617,0.0175,0.28,0.0068,0.2938,0.0532
8984db3e-895c-4a4d-aa91-856799ff5686,PathCellObject,776.65,163.69,0.1435,0.0668,0.5148,0.0037,0.1679,0.1959
6355d4e0-88b3-4839-93e4-e0d18fbce256,PathCellObject,808.16,162.63,0.223,0.0926,0.6489,0,0.1596,0.2796
044debfb-d999-40c9-9609-6be3aaedc6de,PathCellObject,933.11,163.06,0.0636,0.0581,0.3678,0.0069,0.1862,0.1675
0edb0850-ea1a-44da-8fca-e3cd65804521,PathCellObject,819.94,166.01,0.1851,0.0521,0.3164,0,0.1543,0.2039
368208e4-3438-49bb-b9d9-63950d900518,PathCellObject,905.43,167.7,0.0507,0.0119,0.4317,0,0.1378,0.0471
a87e0c20-dc3a-41a0-9c1b-1e50ae048115,PathCellObject,958.53,164.92,0.209,0.309,0.2167,0.0005,0.1389,0.4291
da0eae80-051e-470f-a8c7-cc86ba51983b,PathCellObject,748.12,168.36,0.0659,0.0645,0.3185,0.0134,0.1674,0.1679
1ebef600-56f5-4858-8acf-6265912020dd,PathCellObject,788.65,165.05,0.0616,0.0121,0.208,0.0009,0.1086,0.0422
0aedc68e-0b39-42f5-9775-4d5d3a5b5add,PathCellObject,831.5,166.95,0.1178,0.0409,0.2617,0,0.1181,0.1308
76f4ac67-2f31-4245-b6c2-2aac61163e9b,PathCellObject,942.5,166.44,0.045,0.023,0.2027,0.0121,0.1218,0.0984
91af36ae-d7ef-4c69-9d62-0f0a629559b0,PathCellObject,898.28,165.55,0.0166,0.0072,0.2366,0,0.1094,0.0173
f47a19c3-d4fa-4554-bef4-11d59588f59a,PathCellObject,871.76,166.97,0.0374,0.0133,0.3009,0.0034,0.0992,0.0545
92695ec1-c07b-4503-a249-8d719a679adc,PathCellObject,879.27,166.43,0.1772,0.0746,0.1459,0.0051,0.1913,0.2333
2e34d836-9637-42ce-a3bc-8d642c25f6ec,PathCellObject,929.32,168.53,0.1255,0.0976,0.5017,0,0.1938,0.2978
7aa204cd-e796-464e-9185-a8f60cf9a157,PathCellObject,862.88,168.54,0.0214,0.0086,0.2391,0.0122,0.099,0.027
cf6c408c-c958-4545-919b-a74861c55a5a,PathCellObject,808.18,169.19,0.1294,0.0572,0.5896,0,0.1617,0.2034
0eaf253d-b71b-4747-a6cc-a9287c37b69c,PathCellObject,730.8,170.74,0.0396,0.0255,0.3097,0.0026,0.1579,0.0597
e8c0d9df-d6b9-4e75-a044-3a478aa409ff,PathCellObject,915.79,170.08,0.0419,0.0137,0.6539,0,0.1305,0.0446
89d22030-2472-41eb-86ce-96b8dc298c2f,PathCellObject,799.98,170.55,0.063,0.0444,0.289,0.0062,0.1039,0.1448
c15d3029-1c9a-4c82-be48-874773f80990,PathCellObject,995.05,171.57,0.1734,0.1288,0.3727,0.0022,0.2277,0.4046
4d3b1009-f5f9-41e3-80b9-280702f0cca6,PathCellObject,779.21,172.29,0.0304,0.0096,0.33,0.0161,0.153,0.0262
ca21e800-bd69-4170-9d0d-5e6bcb602cf5,PathCellObject,970.11,172.44,0.187,0.0999,0.4249,0.0193,0.2391,0.2912
af15bac5-c869-429a-a7c6-b9c3ea8ce672,PathCellObject,841.12,171.6,0.0173,0.0085,0.0798,0.0216,0.0874,0.0327
fa7ea0ea-f52c-4313-aa49-89f7869dca44,PathCellObject,935.44,175.14,0.1133,0.0852,0.5743,0.0001,0.2266,0.302
2b930eba-821f-42bf-91fd-d1dd63151e07,PathCellObject,963.67,172.17,0.1884,0.1776,0.1819,0.0122,0.2063,0.4024
d1d8f3ee-0026-47da-ae88-c47cd7a134b4,PathCellObject,923.15,173.89,0.1172,0.0605,0.5042,0,0.1832,0.1839
2a0c6f2c-a7a8-4b16-980e-dfbafd99385e,PathCellObject,1013.1,175.01,0.052,0.0183,0.173,0.0021,0.1724,0.0747
133e92b3-10e4-4177-add0-e84590ee62fc,PathCellObject,947.11,174.32,0.0939,0.0541,0.1807,0.0057,0.1653,0.1955
0bc333bf-08c6-45a7-a6e2-a687c3a62b56,PathCellObject,982.02,171.99,0.2934,0.2439,0.1717,0.0008,0.2767,0.5449
2b97894f-32f3-4c85-86cd-d068c36db919,PathCellObject,881.02,176.03,0.0253,0.0123,0.3879,0.0092,0.1827,0.0243
76446576-6aa5-4ce0-adf0-7620f8e63e38,PathCellObject,846.45,175.97,0.0139,0.007,0.1768,0.0241,0.097,0.0136
bdf7655c-44d7-4d59-8364-22f94d18866e,PathCellObject,989.47,173.25,0.3187,0.183,0.3847,0,0.2517,0.4829
2ce1f500-aa73-444a-9b0d-5f16c7458552,PathCellObject,761.82,175.52,0.017,0.0077,0.3046,0.0161,0.1057,0.0191
0a72c807-4dc9-4ee5-9b60-23c7ec3e84be,PathCellObject,768.98,174.18,0.0217,0.0113,0.3564,0.0217,0.1419,0.0275
f6524a4b-701d-4dc5-8b62-cd652f929621,PathCellObject,792.38,173.46,0.0251,0.0119,0.3628,0.0132,0.1401,0.0241
b13bf3c9-48bc-45f2-a03d-fb83808134c2,PathCellObject,955.49,174.34,0.1033,0.0769,0.1589,0.0182,0.1621,0.1727
d8ce8ba1-39ca-4e58-9a52-bd65114f5e5b,PathCellObject,1003,174.05,0.2838,0.1193,0.3862,0.0008,0.2616,0.3223
2d88cee9-4e78-49ec-bc50-e7fe28ce7131,PathCellObject,807.89,177.28,0.0169,0.0097,0.4652,0.0018,0.0823,0.029
3e540e52-0a9d-4136-87b1-e627bab04883,PathCellObject,890.88,175.78,0.0135,0.0057,0.0983,0.015,0.0949,0.0146
dc2e9746-b091-4196-8544-4379f7996c6d,PathCellObject,912.46,176.91,0.0469,0.0167,0.714,0,0.2079,0.0395
036c4ca3-7270-4ece-878c-1da3d9277235,PathCellObject,714.9,175.87,0.0213,0.0087,0.4828,0.0168,0.149,0.0186
dbb50ecb-7eee-4e03-8803-346618a753d5,PathCellObject,826.72,176.02,0.0157,0.0058,0.2034,0.007,0.071,0.0213
087b9e5b-d53f-4235-8096-dbd6cc663956,PathCellObject,854.36,175.84,0.0156,0.0065,0.1505,0.0034,0.1056,0.0126
3f4bda89-affa-4a19-861d-e45da4733615,PathCellObject,795.02,179.1,0.0207,0.0099,0.4026,0.0079,0.1401,0.0227
a36dec8f-e9b6-434b-82ed-b6c484f81810,PathCellObject,906.34,177.56,0.1577,0.06,0.3926,0,0.216,0.2137
d17ef6d5-18d9-41ff-bc16-0f3c6d3c528b,PathCellObject,726.29,179.39,0.0208,0.0084,0.3565,0.0048,0.1472,0.0244
c5b0e279-def1-4cdb-b390-64663d6a08e1,PathCellObject,978.81,180.11,0.0808,0.0535,0.1442,0.0083,0.1974,0.1581
0deeaf13-7ae0-4339-a4fa-bf60179c3696,PathCellObject,816.91,178.37,0.0148,0.0058,0.3459,0.0003,0.0681,0.0207
4caaffcb-5443-45c0-a0c6-29f4544aaa2a,PathCellObject,988.75,178.75,0.0875,0.0618,0.3426,0.0021,0.2204,0.2139
5bf2e194-8aa6-45d4-9aff-09607dd9ed58,PathCellObject,743.83,178.59,0.0217,0.0101,0.1348,0.0183,0.1443,0.0301
3b222c5e-48bd-4e3b-95c3-b1c1c926bde9,PathCellObject,772.34,180.55,0.0226,0.0096,0.1679,0.0238,0.1622,0.0236
8230fc8f-4cbb-4760-8770-b35f4deabc4d,PathCellObject,779.16,180.69,0.0185,0.0067,0.1522,0.0249,0.1427,0.0174
8f04e466-4d67-4dfd-927c-0bcaf21af2ec,PathCellObject,942.87,179.88,0.0513,0.0225,0.325,0.0001,0.1239,0.0821
67fbb884-dbeb-491e-981b-f8c80f5c5b3a,PathCellObject,997.26,183.06,0.0777,0.0278,0.497,0.0001,0.1862,0.1136
785b3842-e9b3-48bc-ab1c-cba822c49e2b,PathCellObject,871.82,181.32,0.0248,0.0071,0.1628,0.0238,0.1612,0.0174
7277770f-36df-4e65-bfb8-b1d872b0f5be,PathCellObject,959.12,181.2,0.147,0.0739,0.2612,0.0023,0.2032,0.2044
a942d046-adea-4442-8c36-46299cf44359,PathCellObject,967.04,181.71,0.0388,0.0204,0.2837,0.0102,0.1301,0.0597
d7773691-a38a-4ca6-a82a-f4800d4516f8,PathCellObject,1009.3,182.99,0.1354,0.0444,0.228,0,0.1858,0.1617
2f80997e-4c4d-4679-ae59-963a899d0b8e,PathCellObject,803.16,185.53,0.0196,0.0103,0.4709,0.0052,0.14,0.0247
8045bd0e-d35d-4be4-9244-eeb3179debd6,PathCellObject,754.75,182.91,0.0288,0.0099,0.2475,0.0072,0.1177,0.0321
9cea0707-797f-496d-a37e-c689f5016348,PathCellObject,937.45,184.29,0.213,0.0968,0.4055,0,0.2164,0.3128
6d5e4385-2fec-4ac5-b54c-1297b8a9dfbf,PathCellObject,717.35,183.56,0.0088,0.0046,0.2747,0.002,0.0488,0.0131
c25ec319-e2fa-4663-8a27-2078a9663b19,PathCellObject,741.41,184.55,0.025,0.0108,0.1458,0.0075,0.1409,0.033
70644e50-a28b-4a78-b661-811a378d0089,PathCellObject,848.01,185.78,0.0183,0.0071,0.1854,0.0177,0.1453,0.0128
ebb5c168-c930-4cec-8b22-3b6668b4594e,PathCellObject,916.43,183.29,0.0751,0.0271,0.8697,0,0.4434,0.0619
184fee0b-36c7-41c5-b0ad-8e1addd3ae30,PathCellObject,813.62,188.98,0.0144,0.0071,0.3098,0.013,0.0883,0.0171
c5755b84-10b7-4842-b7a6-f748507e51dc,PathCellObject,907.4,185.99,0.0641,0.0339,0.2824,0.0047,0.2145,0.0951
a83bdf03-fc9b-4a90-87e0-35bcefcd6767,PathCellObject,829.25,185.86,0.0234,0.0101,0.3441,0.0108,0.1582,0.0226
03b02e2e-92be-4643-817a-41ddf7a96bb5,PathCellObject,877.62,185.22,0.021,0.0066,0.158,0.0349,0.15,0.0191
4c6b1022-0caf-4c0a-8adf-6a35aaa351cf,PathCellObject,991.11,186.41,0.0485,0.0127,0.2735,0.0029,0.3698,0.0379
958687ca-fbe5-4355-acd2-30ae808aab54,PathCellObject,947.33,185.54,0.0568,0.0407,0.7404,0,0.1441,0.1504
567d39fa-2e8a-43ab-9825-2bf3897ba59b,PathCellObject,727.18,187.16,0.0216,0.0096,0.3751,0.0139,0.151,0.0211
912974bf-f327-49b3-bedb-93656ee29239,PathCellObject,838.12,186.42,0.0196,0.0098,0.2672,0.0026,0.1328,0.0156
ed52f1b4-c0f5-4e76-a24b-04da76c0c147,PathCellObject,897.59,186.62,0.0494,0.009,0.3056,0.0103,0.3742,0.0236
585fc413-1df7-494f-b36c-d0f22cf3bee2,PathCellObject,1003.9,188.36,0.0395,0.0156,0.2047,0.0004,0.1843,0.067
052e4378-1d3b-46b0-97c4-621654ccc7b8,PathCellObject,773.39,189.49,0.0411,0.0183,0.1063,0.0028,0.1409,0.0491
17bcae46-1b98-4b90-9759-92a7307f022e,PathCellObject,916.03,189.25,0.0499,0.0465,0.5678,0,0.2215,0.1201
f2769231-01bb-43ce-bde1-978158e43c18,PathCellObject,967.95,188.75,0.0859,0.069,0.6494,0,0.1354,0.2214
cc0c8593-94aa-40a8-8e25-722d255924e8,PathCellObject,716.27,190.76,0.0118,0.005,0.3363,0.0073,0.0658,0.0125
adf12191-87f2-44fa-8f00-22c0f3ad6e51,PathCellObject,760.83,189.89,0.1712,0.0741,0.4468,0.0007,0.2062,0.2304
e3a10cea-0896-4bee-a245-d2fc5be9cb05,PathCellObject,958.75,189.34,0.0862,0.0707,0.5795,0,0.2367,0.1709
296bf09c-34c1-4dc9-b7d8-aeb365ed11c4,PathCellObject,1016.7,189.29,0.2757,0.0885,0.4416,0.003,0.2654,0.2741
83c8a6e3-262b-46bd-bdf9-db6c60b2075f,PathCellObject,795.83,190.78,0.018,0.0088,0.2981,0.0156,0.1218,0.0222
484836d8-ae8a-4007-8c21-fa3482066c1a,PathCellObject,951.62,190.36,0.0929,0.0695,0.6688,0,0.2434,0.2153
8f55dd3a-eb2d-4213-8ea3-c3d9a3ae45ef,PathCellObject,859.72,190.53,0.0236,0.0107,0.2509,0.0144,0.1597,0.0194
1e2f2812-f1e4-413a-8898-79281c3a7d3f,PathCellObject,739.84,194.33,0.1578,0.1659,0.4623,0.0006,0.2252,0.4066
bec63822-76a8-4a68-8e25-dbb6f4c9383e,PathCellObject,748.07,190.85,0.2325,0.0995,0.2459,0.0006,0.2023,0.2836
cabb4dd8-64a7-455f-8121-eefd5d3e381a,PathCellObject,785.06,192.4,0.0134,0.0051,0.0939,0.0018,0.0974,0.0108
a221abbe-590c-4d9c-bf43-1d73cf61ec3e,PathCellObject,975.28,191.08,0.0762,0.1103,0.3892,0,0.2004,0.3828
d9f0efcb-9442-4142-986d-737c7e8e672c,PathCellObject,821.08,193.36,0.0405,0.0118,0.0902,0.0038,0.0915,0.0376
6c13b537-5460-4508-b7d8-fbd89b44df8d,PathCellObject,887.76,195.02,0.0184,0.0095,0.1817,0.0185,0.1494,0.0157
66bdb561-0fae-4051-9114-1612af09d683,PathCellObject,979.71,195.65,0.046,0.0228,0.4984,0,0.2815,0.0746
f585cbf9-f289-4426-aad8-c7a7cdfc01ba,PathCellObject,919.03,195.78,0.0288,0.0139,0.2423,0,0.1364,0.0416
6892db7a-41e1-4f18-9f17-4087bff70273,PathCellObject,871.2,198.98,0.0184,0.0071,0.257,0.0081,0.1312,0.0195
1b5091d2-5123-43ea-a9cc-2d87a374fddb,PathCellObject,965.31,193.34,0.0716,0.0697,0.6802,0,0.1717,0.1695
2d702da3-571e-4c61-b7ae-ac209fe0db6b,PathCellObject,753.66,194.64,0.099,0.0386,0.1674,0,0.1808,0.1083
928df55d-0ad1-48ad-8520-e7968f3a3faa,PathCellObject,797.65,198.29,0.021,0.009,0.304,0.0081,0.1509,0.0265
9d01b403-e50c-4fd1-bc93-a12a596b36b5,PathCellObject,718.93,200.01,0.0227,0.0106,0.5114,0.0169,0.1534,0.0216
cb4b055c-94d8-4784-a5c3-7993b3bb722c,PathCellObject,941.23,197.38,0.0243,0.0138,0.5082,0,0.1166,0.0477
950b4c51-d04c-48b7-b217-e0d65849108a,PathCellObject,843.13,196.45,0.027,0.0048,0.0594,0.0024,0.1906,0.0116
c21c3466-364c-489f-87b3-81698b577ea3,PathCellObject,855.18,199.46,0.0192,0.0079,0.2817,0.0011,0.158,0.0132
345fcc5f-a3e6-4070-9bb6-2317870af127,PathCellObject,950.85,196.69,0.0261,0.015,0.2935,0,0.1302,0.0504
b15c682c-e983-4ceb-95ee-6ac36353180a,PathCellObject,995.56,198.84,0.0293,0.0189,0.4,0.0035,0.1778,0.0951
de1e3a13-ceb1-4453-92d9-7ce1833fdb8d,PathCellObject,1013.2,198.87,0.0371,0.0207,0.3698,0.0187,0.1889,0.0879
3f5b2209-85fd-4be2-b8ed-640a21c6ae6c,PathCellObject,966.69,198.98,0.05,0.0608,0.5781,0,0.135,0.1792
f77718f2-7120-414f-9f6e-d3c5c86336bb,PathCellObject,1022.9,197.03,0.1582,0.0944,0.278,0.0002,0.1403,0.1944
faf91d93-28b9-4311-8bdf-36216aca1647,PathCellObject,762.93,199.87,0.0438,0.0158,0.2491,0.0015,0.1568,0.0445
b4ed7645-0590-4119-a99d-bd3abb08c494,PathCellObject,891.02,206.65,0.0183,0.0081,0.2046,0.0131,0.1418,0.0178
ff13c0b7-2ea6-42b4-87d0-2997ed0466f2,PathCellObject,955.84,199.42,0.0301,0.0154,0.2565,0,0.1135,0.0576
1e59019d-1901-44e6-8d58-a04eaabf41f3,PathCellObject,1028.1,199.36,0.1803,0.112,0.2695,0.0017,0.1723,0.2773
b0b5cf72-8a4a-40ab-bf2d-c48b150d8391,PathCellObject,1034,199.99,0.1389,0.1162,0.427,0.0001,0.234,0.2857
2526b003-2d1b-4c16-86b4-06e4531f6d9a,PathCellObject,811.47,199.57,0.017,0.0055,0.2645,0,0.1041,0.0178
04281001-4134-457f-a2f3-0e72d40bfcf5,PathCellObject,827.19,200.67,0.1441,0.0781,0.2941,0.0012,0.2233,0.204
3e1e8ad3-d824-420b-93ef-e1f10452d87f,PathCellObject,978.89,203.9,0.0408,0.054,0.5844,0,0.2007,0.213
c44d34e3-6052-4b52-9c63-ff93c1432e8e,PathCellObject,752.05,206.71,0.0254,0.0113,0.3453,0.0006,0.1748,0.0305
cefc6fac-7395-4db1-9eec-575519aaa17a,PathCellObject,959.86,205.86,0.0215,0.0104,0.4004,0,0.1279,0.0385
849f140d-65c9-42c9-948c-23ece5963892,PathCellObject,797.45,206.67,0.0173,0.0075,0.1862,0.0036,0.0924,0.0274
97f2014e-add3-433f-a825-6340e8ffc500,PathCellObject,814.45,207.54,0.0295,0.0104,0.223,0.0412,0.1639,0.0315
cd3bc139-8e2b-4331-a400-7274a5c84089,PathCellObject,917.65,206.65,0.0483,0.0146,0.5104,0,0.2829,0.0376
5397127a-97c0-4d05-a408-43452c2df749,PathCellObject,842.13,209.31,0.0246,0.0133,0.4975,0.042,0.196,0.0232
0d2ca671-1860-4858-aeff-52073414d892,PathCellObject,1023.1,207.66,0.0834,0.042,0.3647,0.0136,0.1921,0.1438
4ca1b042-17ac-4020-8c10-5442e09e4f45,PathCellObject,724.68,207.62,0.0295,0.0148,0.1955,0.0016,0.1443,0.0302
e7ad0c9f-5943-4756-b68b-9cbd7db33cca,PathCellObject,772.42,208.03,0.0298,0.0147,0.3296,0.0022,0.1695,0.0226
83cb925c-f807-4158-858a-3e3a4ffdc66f,PathCellObject,787.78,207,0.021,0.0097,0.1655,0.0259,0.1474,0.0272
1533dd9a-afe5-4e86-8369-66fb43706869,PathCellObject,1029,206.32,0.0871,0.0449,0.4341,0.012,0.2586,0.1231
b443a123-77cd-4382-b08e-17203704892b,PathCellObject,1002.2,208.56,0.0331,0.02,0.5357,0.028,0.1444,0.09
635bcccf-bf89-4f6e-8961-a18387a27cc7,PathCellObject,829.49,208.57,0.0436,0.0088,0.1627,0.0002,0.2544,0.022
d4be415e-2360-495c-a2ec-68dbe7470a1f,PathCellObject,1015.3,210.03,0.0349,0.0227,0.4608,0.0135,0.1772,0.1206
26a1e73b-b243-40ea-92bc-8bde0ba54e32,PathCellObject,1034.3,208.45,0.0409,0.0162,0.3312,0.016,0.203,0.0462
e145bdbe-a348-41c3-a6ca-c4edd7b8bc0e,PathCellObject,715.07,211.89,0.0265,0.0118,0.2026,0.0218,0.1333,0.0284
4254e24c-5944-4054-90c7-95231cc045cb,PathCellObject,968.71,211.65,0.0301,0.0168,0.5113,0.004,0.1475,0.0789
7673f246-16be-4c5f-8ea3-12f7de05c590,PathCellObject,950.63,211.32,0.1102,0.1073,0.2933,0,0.1327,0.3074
5faab121-49d4-44ae-ab4c-588296e1fe4c,PathCellObject,777.49,214.34,0.0374,0.0165,0.4767,0.017,0.1468,0.0439
463bef6f-8fa3-4333-9a4c-38f1dc47c65e,PathCellObject,866.33,216.68,0.0186,0.009,0.358,0.0054,0.1433,0.0164
fc551725-ecb0-4592-aa38-658a30840c02,PathCellObject,740.56,212.21,0.0722,0.037,0.2458,0.0165,0.1617,0.1288
5002b60f-675b-4b41-8f7d-5a03f62d27cf,PathCellObject,760.92,212.49,0.0187,0.0091,0.0713,0.0025,0.1278,0.0257
64d6d622-393e-4d78-80d1-6e6d7279106b,PathCellObject,1038.7,211.85,0.035,0.0111,0.1905,0.0317,0.1615,0.0418
5d31d34e-a8d8-4e3c-9268-f5efabc6deb5,PathCellObject,856.78,212.39,0.0178,0.0067,0.1341,0.0096,0.1386,0.0215
6b4ca6f0-79f9-4612-bc05-c0b267ed1431,PathCellObject,907.14,212.79,0.0707,0.0517,0.3433,0,0.1119,0.209
17139279-0df1-4ad1-9397-1a9fdf7b33d4,PathCellObject,929.23,215.25,0.1758,0.0774,0.5532,0,0.1465,0.2246
685a35ca-87f4-435a-9c8f-3d6a43ea9ff6,PathCellObject,1009.1,214.54,0.1875,0.0853,0.4483,0.0013,0.2667,0.3073
96349ea2-44f1-4dba-82cd-00731a454e8a,PathCellObject,787.34,216.16,0.013,0.0068,0.4762,0.0009,0.0692,0.0173
1dceaa71-b53a-405c-8708-b8c29271fcfd,PathCellObject,803.66,215.19,0.2028,0.2387,0.472,0,0.2155,0.5117
a0279f1d-aaaa-4396-b728-a68ebb36c227,PathCellObject,912.19,217.02,0.0614,0.0593,0.2394,0,0.1387,0.1901
486483c2-db31-4c4c-9250-8b2d59124e86,PathCellObject,919.98,215.92,0.1247,0.0338,0.4004,0,0.0997,0.0954
521645e4-7b93-400e-b923-c8fabc22f448,PathCellObject,989.01,216.91,0.0687,0.0196,0.5779,0.0023,0.2108,0.0769
05dbb709-d3d8-46ea-b8b8-64e039efef7a,PathCellObject,731.84,217.64,0.0276,0.0102,0.2398,0.0785,0.1511,0.0286
aa194c79-3234-4662-90f5-d881f608a83f,PathCellObject,748.07,218.89,0.039,0.0183,0.3157,0.0404,0.1505,0.0505
f730a80a-ea44-42c3-943f-2fab71849040,PathCellObject,1032.5,218.69,0.0342,0.019,0.3256,0.0347,0.2219,0.0655
e2eb9e93-f0b2-4801-84a2-959857781542,PathCellObject,937.27,217.96,0.049,0.0176,0.583,0,0.1331,0.0525
3d9570b1-1fd1-4d83-970a-9d440980448e,PathCellObject,980.38,217.45,0.1083,0.0783,0.2509,0.0002,0.1378,0.2286
1e26440d-1e80-4eb3-97e9-2df306af83ce,PathCellObject,851.22,218.86,0.0232,0.0084,0.1787,0.0147,0.1306,0.0356
b6d925ff-694c-4e25-b258-ea118bfcfbac,PathCellObject,961,218.04,0.0596,0.0224,0.3824,0,0.1516,0.0861
85499b90-f334-4d36-b7f2-cd663469730f,PathCellObject,839.55,218.44,0.0198,0.0105,0.3237,0.0272,0.1628,0.0172
5e23bfb0-75da-440b-adfe-d42ac02af5b3,PathCellObject,831.69,220.03,0.0179,0.0058,0.1942,0.0237,0.1354,0.0118
89ecbbeb-215b-4d29-a0af-82b939e634e6,PathCellObject,895.97,221.68,0.0166,0.0072,0.3763,0.0007,0.0957,0.0184
c47cbb46-423e-4a3c-ab3a-cee22ab5486e,PathCellObject,764.93,222.45,0.0267,0.0092,0.5516,0.016,0.0834,0.031
d7cc24c8-89b8-43af-9913-df5720745e8c,PathCellObject,806.97,220.8,0.032,0.0197,0.0952,0.0077,0.1618,0.0652
ea3c866d-2344-454c-bddd-c927214db6a1,PathCellObject,720.29,225.16,0.0215,0.0099,0.2249,0.0106,0.1543,0.018
c4baa223-4f00-49f6-a560-7c96e8429293,PathCellObject,925.17,221.55,0.0913,0.0409,0.8767,0.0012,0.1626,0.1152
93e10d32-42d8-44de-8fbd-b612ccaac032,PathCellObject,967.29,222.34,0.0496,0.018,0.1876,0.0016,0.1732,0.0687
40fd5480-67d5-4b78-8244-29d320f7bd0e,PathCellObject,772.41,224.01,0.1025,0.0502,0.6955,0,0.1544,0.1788
c5700838-c46e-4bae-aec5-2d58143e4c7a,PathCellObject,918.11,224.55,0.1119,0.0737,0.678,0.0532,0.2043,0.2187
e1e0de34-926c-4b5d-9dee-dd79b178537f,PathCellObject,751.94,227.12,0.0224,0.0094,0.4819,0.007,0.1216,0.0244
5c32e2d3-6b41-4135-92aa-d8b22ca72a0b,PathCellObject,838.46,225.02,0.018,0.0069,0.2256,0.0449,0.145,0.0141
667de1e0-6415-4af4-a190-16fcd8cb0b19,PathCellObject,885.42,228.11,0.016,0.0062,0.3993,0.0113,0.0973,0.018
1efea0d5-8332-414c-9fb7-2a8169f43d99,PathCellObject,1045.5,225.93,0.0163,0.006,0.3525,0.0012,0.094,0.0215
40de0ce9-6294-435a-94c4-3b9a3fd2b2d7,PathCellObject,738.04,226,0.1465,0.0354,0.4353,0.1102,0.1618,0.1424
3b6f4469-ec37-4382-9e45-62d2d8dd17b6,PathCellObject,988.34,228.12,0.1226,0.101,0.5241,0.0017,0.213,0.3137
9a7d63c5-6171-4eb6-b19e-e8b03d64632f,PathCellObject,857.54,225.54,0.1776,0.099,0.22,0.0109,0.1988,0.2387
141ec8d6-b6eb-4b7c-bd6d-54b53f22296f,PathCellObject,934.95,226.28,0.1324,0.0338,0.4759,0.0001,0.1315,0.1426
eafb9451-1325-4fc5-b4de-8b6a03e1b487,PathCellObject,1020.4,225.19,0.0221,0.0082,0.1945,0.0041,0.1545,0.0266
c038fb26-38ce-4b10-93f6-62cd1e5a64f8,PathCellObject,812.89,229.48,0.0182,0.0103,0.227,0.0031,0.1197,0.0355
53080915-8b20-46b4-878a-84ce4cb190f3,PathCellObject,944.19,227.47,0.123,0.0274,0.4386,0,0.1499,0.1068
0d0b2fe0-a4bb-4fe5-b264-d96843234e23,PathCellObject,970.21,227.5,0.119,0.0431,0.1736,0,0.1477,0.1249
61e82e84-6ba2-43f0-b0a0-039baff5bf41,PathCellObject,1029.9,226.78,0.0167,0.01,0.2976,0.0063,0.0982,0.0488
a28a93dc-702b-40ad-a092-b6f04e707cef,PathCellObject,876.56,228.95,0.0206,0.0105,0.1722,0.0686,0.1556,0.024
ce45ff39-fd59-43bb-a348-6d5de3aa0a97,PathCellObject,825.46,231.27,0.0248,0.0111,0.2786,0.0161,0.145,0.0212
6dfbdd70-ca81-44b6-9100-273e4a6f8e8e,PathCellObject,851.76,233.82,0.0262,0.016,0.2518,0.0652,0.1816,0.0276
a0c4bc28-acd9-4f05-b2e3-3faf804b6a95,PathCellObject,765.76,229.84,0.1183,0.0547,0.5373,0,0.1167,0.1896
d443f392-3b50-497d-837b-8474bf414891,PathCellObject,960.63,231.67,0.0454,0.0192,0.4297,0,0.1587,0.0731
a5ba7754-a77a-4d2d-9f50-cc83d77bf8cb,PathCellObject,1015,230.39,0.0262,0.01,0.483,0.0027,0.1495,0.0359
a752070a-bcb6-4baf-84f0-4680764c50b1,PathCellObject,758.78,233.63,0.0368,0.0194,0.53,0,0.0777,0.0694
c2c6cada-05ea-4942-af48-58547676e72a,PathCellObject,890.67,232.56,0.0225,0.0092,0.3274,0,0.138,0.0258
9cefb166-98ed-4d5c-8bb0-e3ecc0e62e53,PathCellObject,787.77,233.29,0.024,0.0063,0.1529,0.0063,0.0736,0.0223
d65962a0-2708-4d37-a288-5f386195ca71,PathCellObject,714.94,235.04,0.0203,0.0081,0.1895,0.0111,0.1434,0.022
9c9ff8da-c896-43d2-a526-91fafe2216db,PathCellObject,735.23,234.94,0.0331,0.0145,0.3516,0.0205,0.1456,0.0322
9ff3743f-064a-4732-ade2-dfd7d292b105,PathCellObject,796.76,237.08,0.0202,0.0087,0.1657,0.0033,0.1501,0.0189
22dc8ba1-6c73-43e8-8d53-5e146fff14d6,PathCellObject,921.81,235.31,0.0302,0.0114,0.2644,0.0097,0.105,0.0462
186e6566-1899-44d2-9b00-de298cec2441,PathCellObject,941.91,233.68,0.1215,0.0767,0.3262,0.001,0.1244,0.2345
644e0358-ec46-40db-a9dc-8c32c1b1836d,PathCellObject,1037,234.57,0.013,0.0077,0.4724,0,0.0849,0.0242
87fa8530-e6f3-4ae1-9fec-cd256313bb4d,PathCellObject,1063.6,235.3,0.0291,0.0075,0.2095,0.0171,0.2477,0.0173
a25796e8-2573-4a25-9c35-a6273ba33bc9,PathCellObject,897.37,234.48,0.0649,0.0204,0.3433,0,0.1013,0.0947
8d7790fc-4ddb-4b17-b3c2-fdba22e9eb45,PathCellObject,770.72,234.98,0.0568,0.0121,0.2431,0,0.0916,0.0488
c7d431af-26f4-4ad6-ab91-1334f98dd846,PathCellObject,908.75,234.25,0.0265,0.0115,0.2553,0.0134,0.0873,0.0494
fe73b714-03d1-4242-90a8-0966496e5e6c,PathCellObject,953.46,238.81,0.0697,0.0841,0.5514,0.0016,0.1296,0.2521
60e4d354-5ff9-4e48-8e2c-6e087b10996a,PathCellObject,1023.8,235.03,0.0159,0.0059,0.4145,0.0007,0.0893,0.021
229b7082-6968-4f40-88a9-9ec5fc1ee66c,PathCellObject,1050.1,235.92,0.0255,0.0112,0.3393,0,0.1596,0.0426
849ab179-66c1-4e85-8497-ee8c0b5a54fe,PathCellObject,837.56,239.74,0.0175,0.008,0.2626,0.0132,0.1388,0.0117
dc25cc54-2362-4bf7-a148-ef3b1970ab53,PathCellObject,871.79,236.84,0.0181,0.0088,0.0915,0.0226,0.1332,0.0265
6320418b-3d96-464a-a810-646f07192a77,PathCellObject,809.75,240.5,0.0358,0.0109,0.308,0.0043,0.1456,0.0292
87025be5-72c2-4eae-9eb5-3579bb7e9c35,PathCellObject,940.19,241.86,0.0309,0.0276,0.4158,0.0175,0.1326,0.081
ee817916-01c8-4896-a311-79218e221e60,PathCellObject,892.02,241.76,0.0581,0.0321,0.4848,0.0004,0.0938,0.1386
0c8faed3-97e8-489f-88c5-b2d1f41feaeb,PathCellObject,744.29,242.9,0.0495,0.0159,0.5537,0.0008,0.106,0.0624
acbe53a2-9044-4c7a-8a00-8be5addc6dd3,PathCellObject,900.8,241.64,0.035,0.014,0.3501,0.0001,0.1032,0.0579
f3a368a7-83ec-41a6-994f-fc9dbfb51e39,PathCellObject,913.98,239.84,0.1604,0.0687,0.6307,0,0.1585,0.2567
75d3803a-d6f5-414f-8004-5375131652e8,PathCellObject,771.15,241.31,0.1491,0.0398,0.3932,0.0001,0.1423,0.1506
0fa4e7bd-e226-4a94-a5ad-f647213592aa,PathCellObject,1051.5,241.85,0.077,0.0455,0.6515,0,0.2063,0.2022
4ba02aa7-85b0-433f-b6f3-6908224aadd6,PathCellObject,977.26,242.15,0.0497,0.0183,0.1103,0.0053,0.1136,0.0716
8a3e1911-b543-41ba-aa60-c37ac69cf779,PathCellObject,732.11,244.85,0.0183,0.0075,0.4312,0.0069,0.0997,0.0184
558a7882-e438-492f-b068-5ff7d3c28f84,PathCellObject,873.58,246.14,0.0203,0.0108,0.4091,0.0136,0.1428,0.0292
6c21b4c4-8563-4412-a0c8-d4a4457cfbbe,PathCellObject,983.91,244.24,0.0203,0.012,0.289,0.0096,0.1142,0.0379
0f3228be-36bd-436a-b91c-cee64d1c6c88,PathCellObject,1044.7,244.66,0.0486,0.0218,0.4668,0,0.1769,0.0875
872006e8-5973-42bc-86b9-8a5db90d97bb,PathCellObject,860.56,244.43,0.0197,0.0092,0.1734,0.0423,0.1555,0.0221
a7e51c6d-4cde-4d3b-a967-eec590682a9b,PathCellObject,999.12,246.06,0.0249,0.0069,0.157,0.0226,0.1317,0.0233
f170367d-7d3e-4fe5-b84a-699af9709644,PathCellObject,763.4,246.53,0.0273,0.008,0.4579,0.001,0.0933,0.0273
d140d4de-ff55-4634-8fa3-1da198dcc43f,PathCellObject,793.36,248.39,0.0185,0.008,0.2449,0.0183,0.1356,0.0257
281ee3f9-b3bc-4b82-b972-3c0b066e8ae0,PathCellObject,1075,245.96,0.0219,0.0111,0.2409,0.0111,0.1939,0.03
9545d843-8250-40b6-bc04-84535afab294,PathCellObject,925.74,245.75,0.1759,0.0984,0.5045,0,0.1811,0.3031
74684db8-3928-4895-9c6e-c73f45ba9d69,PathCellObject,1061.7,245.34,0.1029,0.0897,0.3537,0.0009,0.338,0.2428
6713603d-2d75-46b7-a287-6d5148759576,PathCellObject,819.83,245.78,0.0262,0.0121,0.2231,0.0161,0.1238,0.04
5bb972f3-c1a9-4058-8d7b-e99e0abc4f4f,PathCellObject,850.51,246.27,0.0194,0.0077,0.1545,0.0735,0.1488,0.0251
a0815224-6be5-4979-a7b6-4258c4e39346,PathCellObject,1068.9,246.85,0.0357,0.0497,0.4018,0.0024,0.2069,0.1596
57d62143-1b3f-4b3c-803d-4056881bd497,PathCellObject,826.91,247.48,0.0142,0.0053,0.2081,0.0251,0.0993,0.0154
c79ef334-2536-44e2-9d11-5bc8afe6294d,PathCellObject,779.48,248.8,0.0172,0.0063,0.1028,0.0227,0.0742,0.0188
df13b974-fdc5-46cb-896f-9d9de82c82da,PathCellObject,856.77,249.41,0.0202,0.0086,0.4262,0.0065,0.1506,0.0174
6f046216-096a-4c25-b0a1-087a0a0478e9,PathCellObject,1052.8,248.13,0.0881,0.0482,0.4249,0.0068,0.215,0.1682
39d06af5-d1f0-47b2-b339-c7fabef1e365,PathCellObject,718.81,251.59,0.0177,0.0088,0.2368,0.0105,0.1335,0.0174
ec06bdb4-9a5b-4d08-9f7f-5a2cf6667301,PathCellObject,896.7,250.93,0.0203,0.012,0.1393,0.0025,0.0846,0.0408
72a73147-243c-4711-8f9f-0af6ae38ed5f,PathCellObject,954.51,250.26,0.0235,0.0167,0.4108,0.0163,0.1597,0.0432
ad09a0fd-f7ee-4958-8a93-69771bcde91e,PathCellObject,1009.1,249.35,0.1083,0.0348,0.4518,0.0391,0.1969,0.1498
4bcbdbbd-54ce-426e-849e-6062d43531eb,PathCellObject,907.25,252.11,0.2172,0.1217,0.6696,0.0002,0.2447,0.371
c95a53a6-fd16-43fb-aabf-a0f79b274914,PathCellObject,914.66,251.86,0.0576,0.026,0.5571,0.0007,0.1603,0.0992
c470e71a-4994-4344-a6cd-f26adbbc2d4e,PathCellObject,981.37,251.13,0.0271,0.0159,0.3159,0.022,0.1986,0.0421
4e34826d-9b92-491f-9249-2a4254a2d5b5,PathCellObject,992.64,252.93,0.0241,0.0185,0.3953,0.0187,0.1688,0.036
5e0139c0-25ee-4b2e-a980-897efba9a46c,PathCellObject,1033.8,250.64,0.1293,0.0417,0.2531,0,0.1919,0.1633
cede53ee-fad5-4628-9ddd-641ce698d3ec,PathCellObject,967.06,253,0.0242,0.0179,0.4717,0.0465,0.171,0.0399
15b61fc6-378a-49b5-b142-980408f79dd0,PathCellObject,772.9,254.46,0.1222,0.0403,0.3888,0.0151,0.1358,0.1839
da8b9bf7-f98a-4a76-8ed9-f605a3e77b3d,PathCellObject,923.25,253.19,0.0324,0.0191,0.5829,0.014,0.1434,0.0622
5fe8e493-f4da-4c80-9864-507e7f0882a3,PathCellObject,1015.2,252.4,0.0627,0.0273,0.4691,0,0.214,0.0934
0e400338-699b-4420-886a-63ff555192a2,PathCellObject,934.96,253.45,0.0229,0.0142,0.3211,0.0425,0.1575,0.0413
375cdd19-dda6-4ca0-8e3e-efb12f45598d,PathCellObject,1071.7,253.72,0.0398,0.1679,0.2272,0.0004,0.1679,0.2561
a649b4af-cbe4-4750-88b5-1dfeea2e5fbd,PathCellObject,820.47,256.14,0.0172,0.0056,0.332,0.016,0.1373,0.0118
afc64d0d-5a7a-46ac-8c63-0ed085ba3dae,PathCellObject,1056.1,253.04,0.0566,0.0335,0.4127,0.0001,0.2361,0.1275
5e3a5af8-6f03-4e6e-a77f-686fd81205ff,PathCellObject,801.05,258.32,0.0178,0.0065,0.2256,0.0706,0.1533,0.0132
21f1eb0d-4f12-4d46-ba68-54dfffe0acea,PathCellObject,1045.4,253.54,0.1017,0.0585,0.6546,0,0.1813,0.2362
c49075d4-cf4e-4c9b-ae4a-536c7ebfbb8c,PathCellObject,729.74,258.05,0.0097,0.0045,0.2935,0.0013,0.0578,0.0138
ff9e3fbd-68f4-4958-9ce9-f73d749510e2,PathCellObject,833.13,257.19,0.0179,0.0081,0.2744,0.0076,0.1467,0.0142
65d16388-ac53-4283-a429-a02f8e51b74d,PathCellObject,850.71,257.91,0.0212,0.012,0.5096,0.0155,0.1592,0.0219
0b3d66e3-f0a4-49eb-a339-2eedce65c067,PathCellObject,864.56,257.87,0.0226,0.0137,0.5271,0.0133,0.1588,0.0301
a1c6714e-4b7e-49ca-955e-10fc79ad22f1,PathCellObject,944.37,256.7,0.025,0.0227,0.4692,0.0186,0.1528,0.0403
f2a08b4e-0543-432c-ac9f-337e175e95bc,PathCellObject,1004.7,257.39,0.0662,0.0558,0.3841,0.0186,0.2035,0.1544
51444b0d-b048-45df-89ad-745ffac51ded,PathCellObject,1033.5,258.55,0.039,0.0158,0.8002,0.004,0.1634,0.0595
09368039-1b78-4bc9-b0ea-45874ce33677,PathCellObject,1052.4,257.81,0.0761,0.0643,0.5222,0,0.2009,0.2159
6f0c4574-f60b-4046-a410-22511277df16,PathCellObject,761.5,257.67,0.0334,0.0125,0.4402,0.0252,0.1472,0.0295
bb2abdef-7a32-4490-80b9-e4d8dfa38cde,PathCellObject,1041.7,257.75,0.0465,0.0274,0.5524,0,0.2067,0.078
d5f94dc4-3998-45b9-bf61-4cdd55a77511,PathCellObject,711.22,258.43,0.0178,0.0085,0.2547,0.0484,0.1384,0.0167
46728e31-2ff8-4f44-a3ca-7d94ede19138,PathCellObject,977.83,258.3,0.0274,0.0178,0.2977,0.0314,0.1662,0.0514
e8a02833-d195-4df7-9ecd-313f69e26515,PathCellObject,878.18,258.16,0.0509,0.0106,0.5661,0.0422,0.4202,0.0337
79d50582-9e5e-435d-aff6-85b1c2ff6ae2,PathCellObject,927.39,257.65,0.023,0.0165,0.5569,0.0186,0.1599,0.0326
4d1f8fe8-4c51-4731-bd7f-850cd581c015,PathCellObject,915.26,260.18,0.025,0.0174,0.556,0.0183,0.1606,0.0392
bcb68745-0723-4dd4-ace5-b004a84dbc20,PathCellObject,987.33,258.45,0.0513,0.043,0.3059,0.0069,0.2013,0.1236
0ec3c293-0d28-49f3-ad27-472042b2d478,PathCellObject,1021.6,260.99,0.0336,0.02,0.2979,0.013,0.1725,0.0574
d160b906-0521-4bdf-b2a8-eebd635940bd,PathCellObject,889.65,260.31,0.0166,0.0112,0.2281,0.0787,0.1067,0.0394
bc513d6e-d17e-4ee7-8f46-36bac499b327,PathCellObject,905.35,262.98,0.0208,0.0145,0.4098,0.0395,0.1386,0.0378
dc0856fb-9047-4dd5-99ce-f51bd8ee2e13,PathCellObject,967.97,263.25,0.0221,0.016,0.4073,0.0398,0.1577,0.0439
044bb1d1-4267-4786-8de1-57800899ea3d,PathCellObject,1063.6,262.4,0.1292,0.061,0.6841,0,0.1615,0.1807
20d9e8f7-2cf3-4e4e-ac82-11bdfd51c538,PathCellObject,927,264.48,0.031,0.0171,0.4466,0.0267,0.1566,0.0424
5c015511-3b5d-46b3-b748-521c797a0cca,PathCellObject,784.95,264.52,0.0222,0.0116,0.2532,0.0243,0.161,0.023
c2bcf5b6-d403-44a2-b15c-96777cf915cd,PathCellObject,836.18,266.61,0.0202,0.0152,0.4247,0.0612,0.1553,0.0221
566d4bc1-9c22-418a-98ee-11466e7f45d4,PathCellObject,954.4,265.58,0.0208,0.0124,0.1881,0.0892,0.1433,0.0452
89c8ec0c-3b81-4172-99b4-d707c891749c,PathCellObject,991.2,263.58,0.0883,0.0804,0.3574,0.0712,0.2053,0.2656
15e7dfab-f717-46bc-9290-986002867b2b,PathCellObject,850.69,269.19,0.0214,0.0161,0.4453,0.0313,0.1517,0.03
8305bb9a-cde4-4069-94d2-a13f5151f0eb,PathCellObject,1012.2,265.23,0.0216,0.0107,0.2551,0.0623,0.1532,0.0282
8501aec2-1dd8-4180-8c56-c16245e14b97,PathCellObject,873.22,265.12,0.0231,0.0134,0.2933,0.0433,0.1658,0.0407
e8458b36-db39-4348-9972-a4aee615ff63,PathCellObject,1041.2,264.48,0.0291,0.0105,0.4462,0.0095,0.0964,0.0291
b729c35e-eba6-4339-8f72-8451e7340c1c,PathCellObject,1048.2,264.28,0.0185,0.0092,0.3689,0.0002,0.0945,0.0328
80d859db-afc9-4e24-91c0-5566b28eea6e,PathCellObject,755.14,267.86,0.0238,0.0126,0.4086,0.0099,0.1581,0.0242
2db4ac33-6b1e-4f4c-95a1-ccd79a69882f,PathCellObject,895.46,268.18,0.0232,0.019,0.543,0.0406,0.1593,0.0364
2f5f302f-0546-4e20-b6e5-a2ac748114f7,PathCellObject,1072.1,265.15,0.176,0.0453,0.4665,0,0.1498,0.1856
110ccc23-b0e9-49bb-8759-7c6a11aff1a4,PathCellObject,859.69,272.28,0.0217,0.0177,0.5066,0.0358,0.1511,0.0361
6c215e51-577c-4db2-96aa-9336d74aba02,PathCellObject,1033.3,269.25,0.0223,0.0165,0.3474,0.024,0.1728,0.0306
aedcfb37-6959-4610-ba7c-687b837fa429,PathCellObject,1084.9,266.44,0.0157,0.0074,0.1596,0,0.0939,0.0195
94fdbc65-fe22-48b9-a6ca-0272624c6db2,PathCellObject,917.44,272.77,0.019,0.0109,0.3631,0.0725,0.1416,0.0224
c438f47c-7661-4cdb-9ccf-ac7b50283841,PathCellObject,996.09,269.85,0.0387,0.0334,0.2525,0.1115,0.1634,0.111
e1379f3b-acea-4c16-a4be-9c060f39520f,PathCellObject,731.6,272.93,0.0179,0.0088,0.2833,0.0343,0.1276,0.0189
0318dc6f-2c9b-4440-a697-19d711a62933,PathCellObject,1092.2,268.74,0.0131,0.005,0.547,0,0.0898,0.0157
c7cdb5b9-5b68-4aa5-b8ee-34685c55b6a4,PathCellObject,1021.2,270.75,0.0197,0.0099,0.1324,0.0498,0.1426,0.0178
ba043723-0ae0-4069-91e8-25c2e4cffb63,PathCellObject,1059,269.26,0.0169,0.0078,0.5177,0.0068,0.088,0.0257
512fefea-f13c-468a-aff8-551aefd86e70,PathCellObject,1048,271.31,0.0211,0.0119,0.3356,0.034,0.1541,0.0311
4d4be56d-b93e-4646-ad48-593852052e17,PathCellObject,716.23,270.76,0.0127,0.0077,0.3548,0.0005,0.0771,0.0248
7e946a6b-2990-47d0-ba1c-86c67448a51d,PathCellObject,1079,270.79,0.0324,0.0092,0.4405,0.0007,0.2383,0.0248
58f7cb83-e789-4eed-8491-9ef50ac36066,PathCellObject,772.85,270.64,0.0201,0.0095,0.1539,0.1026,0.1495,0.0192
1738c5ed-4e38-44fb-bf24-3bbd2b841d38,PathCellObject,869.8,271.99,0.0199,0.0127,0.2074,0.0701,0.136,0.0492
8f1dbc52-eb05-4a8f-8132-e748e0c973cd,PathCellObject,941.21,274.95,0.0272,0.0198,0.6111,0.023,0.1836,0.0434
56c0bae7-d739-4096-97e3-18db05b955c2,PathCellObject,984.1,273.66,0.0248,0.0135,0.4079,0.0746,0.174,0.029
39a5f14d-24cf-438b-8477-9f1915324f54,PathCellObject,797.71,276.34,0.0193,0.0113,0.2874,0.1189,0.153,0.018
3c1125c7-0348-449b-9cec-298946b5b365,PathCellObject,788.67,274.36,0.0201,0.0105,0.1448,0.1409,0.1577,0.0164
ae275fcd-8f88-489d-ade2-a39ba51fc12d,PathCellObject,1096,274.57,0.015,0.0064,0.4216,0.0001,0.1127,0.0144
bc68b71e-8113-4f35-b930-13883aa1755e,PathCellObject,1009.1,275.47,0.0309,0.0127,0.2062,0.084,0.1807,0.0301
0a27d423-ee50-45bd-822f-f4689ebc6978,PathCellObject,1070.6,275.21,0.0242,0.0125,0.4,0.0211,0.1663,0.0299
75d2f211-adff-4dc1-974d-34fda62b138e,PathCellObject,834,276.19,0.0215,0.0153,0.5452,0.0313,0.1474,0.0361
1bd7ad84-c754-4406-8fc7-229aa272b57e,PathCellObject,906.1,277.87,0.0179,0.013,0.385,0.14,0.1318,0.025
92b2615e-bfc2-410d-852b-04556f4b6e84,PathCellObject,970.05,275.58,0.0694,0.1627,0.4182,0.0413,0.208,0.413
5967e350-a25a-4ede-ac36-f15c8377561b,PathCellObject,1001.3,276.43,0.0507,0.0382,0.1809,0.1662,0.1676,0.1195
ec6027bf-2ac2-4708-bfab-d1d8b6d5adf6,PathCellObject,752.21,278.42,0.0469,0.0114,0.3344,0.0355,0.1448,0.0339
e2b0f414-ae55-414c-9ef4-2f408fff463b,PathCellObject,884.8,275.85,0.0191,0.0072,0.2486,0.0094,0.1221,0.0264
8c46af2b-ef38-421a-8f34-759a51a3e7ac,PathCellObject,1042.9,275.83,0.0191,0.0077,0.1505,0.0512,0.1537,0.0174
0cdce329-0ffe-4263-b9f7-d90dc8d2e91f,PathCellObject,1060.1,278.44,0.0241,0.0139,0.5089,0.0193,0.1634,0.0348
3c17d2d8-0611-4258-9a84-4e8d7bacb065,PathCellObject,892.55,279.19,0.0193,0.0137,0.4494,0.0593,0.1355,0.0306
72cde1c4-a381-4950-ae2d-42251181045e,PathCellObject,770.12,279.68,0.0179,0.0099,0.336,0.0146,0.1399,0.0135
bbf6193e-4e40-41a5-8fc6-ddf4c0531b92,PathCellObject,711.39,278.52,0.0116,0.0057,0.1641,0.0001,0.0744,0.0159
dcc498b5-9d19-4dad-9cbf-d70d7499f894,PathCellObject,1030.4,279.53,0.0772,0.0138,0.4407,0.0072,0.5535,0.0221
fc09ef50-4202-4147-993f-782165748fd6,PathCellObject,846.16,281.73,0.0213,0.0139,0.2822,0.0122,0.1435,0.0471
b2bde815-063c-45b3-8b21-cd309b7c39cf,PathCellObject,873.13,282.85,0.0233,0.0218,0.5536,0.0073,0.1671,0.0431
584145d8-0b34-4cc2-a4b3-194016b50b3b,PathCellObject,1081,280.32,0.0212,0.0091,0.3757,0.0841,0.1554,0.0259
65b6030e-938b-45f0-afba-2d22bf7b0d48,PathCellObject,811.71,280.25,0.0198,0.0104,0.1324,0.0439,0.155,0.0201
5e15ffc5-2087-40bb-a4ff-e6c0102c3ffe,PathCellObject,961.36,280.73,0.0369,0.029,0.3557,0.0624,0.1795,0.0898
0b038113-e9ff-4460-a251-32e681591c0e,PathCellObject,980.03,280.33,0.0222,0.0152,0.2747,0.0983,0.1725,0.0285
bc5bddab-09f8-494b-a2d4-0dee75dfdb78,PathCellObject,1017.4,280.08,0.1448,0.0758,0.4266,0.0296,0.1776,0.2495
566bc3dd-32b4-40ee-899b-d8cbfccccfc4,PathCellObject,1040.1,285.6,0.0308,0.0194,0.4859,0.0219,0.214,0.0363
4d27e15b-6343-49dc-bc2d-12ab58de156f,PathCellObject,994.59,283.6,0.02,0.0131,0.4048,0.1334,0.1571,0.0236
b24dfb4d-96b0-4c07-a00e-57ade1593db9,PathCellObject,1023.3,282.36,0.0984,0.0733,0.4775,0.0302,0.2477,0.257
083616d7-f185-4ada-bf4c-98b0058ddad6,PathCellObject,882.51,282.58,0.0236,0.0181,0.781,0.0074,0.1709,0.0504
06c45358-a79b-48c3-ba94-9bcbe2cb6229,PathCellObject,968.99,284.02,0.0227,0.0201,0.4,0.0839,0.1575,0.0491
311b2cc2-c36f-49dd-9b62-a30e21cd382a,PathCellObject,720.89,283.95,0.0165,0.0075,0.0789,0.0586,0.1338,0.0169
24b08da4-38fb-492f-832c-439959b5e459,PathCellObject,1006.9,283.96,0.117,0.0598,0.5646,0.0233,0.6174,0.1207
feadaccb-741d-4b4a-aa1f-ff0ab597983f,PathCellObject,1090,282.17,0.0298,0.009,0.6858,0.0529,0.2575,0.0224
95b96f31-dffb-443a-93e4-d7a00d02cfdc,PathCellObject,738.11,282.71,0.0183,0.0055,0.3285,0.0178,0.1405,0.0141
ed15c64a-daab-403f-8c12-9dc29565d764,PathCellObject,830.55,284.77,0.0199,0.0115,0.5211,0.0324,0.1381,0.0295
32646e64-147a-4efc-9409-f9b41456cc26,PathCellObject,898.38,283.48,0.0198,0.0195,0.3889,0.0632,0.1358,0.0363
469906da-15e8-4f50-b93b-e3e3ce5a11b9,PathCellObject,1051.8,283.9,0.0194,0.0111,0.2777,0.0621,0.1325,0.0263
3c48ca6d-b382-40fa-8c24-b42fa28c47cc,PathCellObject,757.37,288.38,0.0211,0.0128,0.5673,0.0181,0.15,0.0219
481c6db1-6adf-481f-9c54-aac1e8124276,PathCellObject,817.87,285.92,0.0197,0.0116,0.3156,0.0304,0.1458,0.0341
41b7b6fe-5e35-47cd-8396-ac5366cd0a8d,PathCellObject,948.88,285.55,0.0269,0.0158,0.4105,0.06,0.1765,0.0552
64f96709-1198-4024-9ddb-87bb3cb1ff15,PathCellObject,1013.5,285.43,0.0487,0.0325,0.3396,0.016,0.2231,0.0937
06dcbf3f-aedc-49bc-a489-eb3c10c0e231,PathCellObject,788.81,287.3,0.0203,0.0114,0.4184,0.0318,0.1583,0.0194
ce1df025-3e0d-4961-8c3e-112b57993ab5,PathCellObject,1097.7,286.25,0.0286,0.0113,0.1781,0.0296,0.1759,0.0238
7bd630e8-d16f-4a19-8a5e-b6b1967ac709,PathCellObject,766.38,288.14,0.0214,0.013,0.4886,0.0256,0.1618,0.0236
68fcdbb0-17f3-47b5-9f4e-63d3c291bf87,PathCellObject,935.24,286.83,0.0533,0.0134,0.5433,0.0326,0.4109,0.0414
f7af86b0-51ab-4946-871f-fbe83f22d61e,PathCellObject,805.38,286.85,0.0206,0.0122,0.4115,0.0654,0.1537,0.0274
d287b7b2-d7a4-4e8f-a6b3-9878aac5e0a8,PathCellObject,958.4,288.92,0.0242,0.0145,0.3096,0.0695,0.1501,0.0476
ee60f479-c417-4de6-a2a9-403943b0f2f0,PathCellObject,984.32,288.03,0.0224,0.0162,0.4687,0.1364,0.1437,0.0286
a0fd7c1c-d98a-4079-bbcc-8e76569e767c,PathCellObject,1064.3,287.07,0.0557,0.0396,0.2449,0.0581,0.157,0.1106
23135b29-2d9e-4659-af68-a25840887670,PathCellObject,777.28,290.05,0.0214,0.0121,0.4096,0.0401,0.165,0.0231
048cb800-e121-48c6-945e-9477eae3bfa1,PathCellObject,883.32,288.61,0.0211,0.0103,0.3512,0.0352,0.1385,0.0375
e842cdfa-e72e-4fd3-881b-395035c2f5cb,PathCellObject,1027.9,297.16,0.0237,0.0151,0.3193,0.0752,0.1561,0.0298
4577da0f-6876-43ea-bcf0-6d52dba9cfe4,PathCellObject,1086.2,288.58,0.0189,0.0069,0.2419,0.0762,0.1607,0.0153
7091f8c3-e9da-4a25-9e74-48071183ec7b,PathCellObject,891.31,293.19,0.0201,0.0125,0.4327,0.0629,0.1415,0.0303
acd000a9-e3b0-4d4e-8cde-a501694d622b,PathCellObject,901.91,290.88,0.0192,0.015,0.4268,0.0323,0.1397,0.0297
6f7fe1f6-fb3b-4f2b-8aa5-87142e9df0e7,PathCellObject,1080.1,289.18,0.0231,0.012,0.191,0.0982,0.1672,0.0193
a3f9e8ae-c979-490d-9dbd-fbe90641a351,PathCellObject,734.62,290.48,0.0188,0.0102,1.0306,0.027,0.1331,0.0199
6ff0efbd-9afa-423a-9eab-17e3e465d298,PathCellObject,854.09,291.33,0.0174,0.013,0.3125,0.0177,0.1098,0.0511
b5f63537-7d7f-49bb-b2be-0271558d8602,PathCellObject,1106.8,290.26,0.2321,0.0643,0.5405,0.0147,0.2379,0.1908
ea4ce75c-2746-477b-84b7-f3fa594eda69,PathCellObject,741.16,291.14,0.0187,0.0106,0.9984,0.027,0.1359,0.0215
f6cc0e10-de27-4a16-8c80-24ca4880a5f8,PathCellObject,799.14,290.9,0.0194,0.0129,0.5289,0.0661,0.1501,0.0221
affc3212-264e-4408-9e45-83e4f05a8061,PathCellObject,1058.1,292.04,0.0243,0.0126,0.5193,0.0238,0.1388,0.0383
9659ff5c-9e05-4c99-a1c8-a9c4faedbae5,PathCellObject,712.51,291.71,0.0187,0.0115,0.3472,0.0192,0.1433,0.0241
5b87603e-74bd-4550-8d4e-e74a2c75ae86,PathCellObject,943.69,291.39,0.0274,0.023,0.1807,0.0598,0.187,0.0698
8855aeed-ce29-4a77-a7a0-ed05791b7823,PathCellObject,973.7,293.51,0.0188,0.0106,0.2172,0.0756,0.1438,0.0348
9ec8c7e3-958d-4bcd-bed8-3913e99311e7,PathCellObject,1006,292.93,0.0241,0.0144,0.3002,0.0962,0.1764,0.0281
f5ac75f5-92a0-43b8-a501-76a9bca36e67,PathCellObject,1048.5,291.96,0.096,0.0879,0.4384,0.0591,0.1957,0.2889
55d22a15-a8b4-4deb-8725-998f94382825,PathCellObject,823.69,292.31,0.0133,0.0082,0.4457,0.0219,0.0844,0.0222
00cb5fb7-58e3-46df-9c9d-559d22a9cb0b,PathCellObject,1014.8,291.96,0.0853,0.0275,0.2555,0.0357,0.1575,0.1308
48c70c9f-0d0c-4d92-8d58-cc41d289626b,PathCellObject,931.83,295.24,0.0242,0.0122,0.3646,0.0401,0.1736,0.0313
f8371af5-644b-401c-9986-293a4ad9737c,PathCellObject,1076.4,294.37,0.0366,0.021,0.2838,0.0853,0.1846,0.0381
b5c8a9fc-0a62-4349-863a-20b51e0ac3cb,PathCellObject,1054.4,297.55,0.026,0.0139,0.7648,0.0157,0.1535,0.0387
0c0122b8-43fc-42db-b2e7-507289c11429,PathCellObject,717,295.91,0.0196,0.013,0.4778,0.005,0.146,0.0224
49eef622-6e40-48d2-93c6-3c3396e5ed46,PathCellObject,725.59,296.5,0.0208,0.0116,0.3799,0.0258,0.154,0.0223
50da543c-c08c-4ea4-97b7-01f885823cf2,PathCellObject,994.34,295.02,0.0195,0.0126,0.3498,0.0829,0.142,0.0364
30ab8842-232a-4620-8536-a84a744c6c8b,PathCellObject,986.16,296.37,0.023,0.0164,0.2888,0.0441,0.1587,0.0377
b784da37-32ae-4538-b332-25c8c34cbfa4,PathCellObject,1040.3,295.57,0.0625,0.0117,0.1023,0.0722,0.4598,0.0289
bbbf1f0a-c0ed-4cd5-bd82-67eca1d32dfc,PathCellObject,751.88,297.31,0.0167,0.0094,0.2859,0.0314,0.1206,0.0199
40fc3902-1886-4372-9476-61ec4ddcb2ba,PathCellObject,911.27,297.85,0.0261,0.015,0.2525,0.0273,0.1502,0.0464
84dd5bfb-606d-4cc2-806e-2c0843909e34,PathCellObject,948.6,298.2,0.0204,0.0139,0.2717,0.0918,0.1443,0.0279
10b800ed-971c-4777-bb2f-8ed705098ab5,PathCellObject,965.05,301.44,0.0228,0.0172,0.403,0.112,0.1575,0.0366
fe364f28-b1a3-4eda-9506-13b16c1426ae,PathCellObject,839.16,296.38,0.0179,0.0102,0.3608,0.0033,0.0851,0.0378
7ba4fc68-6212-41eb-b953-8d7e22bc3c3f,PathCellObject,956.29,298.61,0.0244,0.02,0.441,0.0449,0.1655,0.0459
876f0ca0-92d6-4b75-b798-5b4fd915233e,PathCellObject,820.4,298.36,0.0171,0.0118,0.4179,0,0.0775,0.0546
1a24f318-1336-4de5-9687-e068cee1ec34,PathCellObject,776.07,297.66,0.0108,0.0053,0.3416,0.0384,0.0697,0.0154
5cc57fa2-bf40-4e24-ae65-df669581d307,PathCellObject,1011.8,299.86,0.021,0.0123,0.2044,0.1654,0.1529,0.0242
e8fc0cb3-5450-4bf5-a732-7b4dd38b1353,PathCellObject,1073.3,299.67,0.0401,0.0209,0.2879,0.0781,0.1599,0.0463
9ebbf02e-ad3a-463a-bd27-943204e67cca,PathCellObject,1088,301.56,0.0348,0.0128,0.3323,0.0329,0.1796,0.0246
403883f6-88ad-4526-9c44-3b2d9960c82b,PathCellObject,877.53,298.71,0.0212,0.009,0.1837,0.0067,0.1009,0.0301
e7be9b78-3497-4534-a647-16bc84539dd6,PathCellObject,920.32,298.89,0.083,0.0297,0.5142,0.0085,0.1923,0.1055
600429ca-39f9-4aca-a207-5be2a56e2a8e,PathCellObject,1001.3,305.09,0.0202,0.0148,0.4722,0.0708,0.1543,0.0266
786330d1-9e31-4099-b002-b7fd1b548838,PathCellObject,1046.4,299.52,0.0326,0.0183,0.2445,0.0817,0.1782,0.0509
f01fe888-a3d2-4699-a9fe-90fd9661ab74,PathCellObject,764.89,300.51,0.0108,0.0074,0.4,0.004,0.0666,0.0166
c5634ad5-a2a2-4cbf-8981-5f21c55a918a,PathCellObject,715.3,302.74,0.0164,0.0087,0.5344,0.0528,0.1156,0.0194
49cca9bc-68e6-4154-8908-cea5b3586c08,PathCellObject,835.28,301.88,0.0328,0.0234,0.6836,0,0.1076,0.0962
2a92f358-07e5-47a1-885e-429dba23ed04,PathCellObject,904.51,303.97,0.019,0.0135,0.4575,0.0307,0.1283,0.0334
fc41dd75-a164-450d-8053-a2da73f1148d,PathCellObject,793.5,304.52,0.0133,0.0092,0.3162,0,0.0718,0.0371
c0f2378f-c34b-450c-b92f-b9dc46295815,PathCellObject,823.56,303.92,0.0402,0.0239,0.3915,0,0.0883,0.1128
5e272c34-e4ad-45b3-9ce5-6ea431ca231f,PathCellObject,925.82,304.41,0.0388,0.0162,0.3285,0.043,0.149,0.0748
90ddfb41-5b6e-46a0-96a9-510fcd0e7d4b,PathCellObject,1064.8,303.16,0.0222,0.016,0.3,0.046,0.1735,0.0294
d6a6c676-4537-4a2d-80aa-a2803bae07d7,PathCellObject,844.73,305.88,0.0461,0.0328,0.4352,0,0.1025,0.1329
da537c7a-db99-45ca-a15b-56a5a0d92dba,PathCellObject,988.2,308.6,0.022,0.013,0.6029,0.0513,0.157,0.0369
63a084e6-8d20-46ef-a92d-1241dc5c41e6,PathCellObject,740.94,303.48,0.0082,0.004,0.1087,0.0368,0.0507,0.012
546f698a-d703-46c9-ad3f-dbba528893fe,PathCellObject,953.71,305.43,0.0205,0.0176,0.4691,0.0675,0.15,0.044
14e19f05-a029-4e51-a7f3-e740644e1229,PathCellObject,977.97,304.25,0.0163,0.0088,0.3187,0.0167,0.0869,0.0397
f1897bc5-2b31-40da-8117-2e80d7f865a4,PathCellObject,1054.3,304.91,0.0201,0.015,0.343,0.0389,0.1712,0.0256
858b09f9-8ee2-4909-b872-e2323374eb7d,PathCellObject,776.31,304.38,0.0103,0.0062,0.1661,0,0.0564,0.0191
e907bf31-7eeb-446a-a1f7-5f89c92added,PathCellObject,880.59,306.6,0.0343,0.0092,0.2048,0,0.1578,0.0372
82e340bd-501d-43c0-bf36-ccee536b9382,PathCellObject,1017.3,305.03,0.0183,0.0079,0.1461,0.1124,0.1306,0.0271
1cc4e0da-b9a2-488c-ba9b-ceaf11b42211,PathCellObject,1043.6,311.13,0.0201,0.0139,0.3134,0.0849,0.1511,0.0318
298fd0d1-d5a4-455d-bdf6-4100445094ac,PathCellObject,808.16,307.71,0.0202,0.0121,0.1255,0,0.0979,0.0499
38856e5e-9d72-4b85-b68c-56206d36a271,PathCellObject,895.16,307.79,0.0166,0.0117,0.4824,0.006,0.1025,0.0336
49a86940-82a8-4d96-b7fc-ca893ea5bb47,PathCellObject,864.54,308.27,0.1207,0.0634,0.461,0,0.1501,0.2426
86f53ba7-2ce2-4be7-ba16-f623df56ec6e,PathCellObject,1070.3,307.88,0.021,0.0112,0.2372,0.0721,0.1651,0.0258
7c3a05ea-b5c6-44d0-9cd6-5a3d31bd6f3c,PathCellObject,727.75,307.22,0.01,0.0056,0.3748,0.0081,0.0591,0.0143
c75b5c0e-eaf8-435a-aa29-489f5f5ef09b,PathCellObject,830.86,308.97,0.117,0.0701,0.6969,0,0.1144,0.2714
75267fc0-c617-4ad4-b627-a7f4f555c512,PathCellObject,937.01,313.63,0.0208,0.0149,0.648,0.0464,0.142,0.0326
ef7953a2-b076-48bf-807c-d28dfb18357d,PathCellObject,1011,314.29,0.0193,0.0127,0.4426,0.0898,0.1466,0.0266
e81057a8-ae2b-4690-a717-b6ad87579d21,PathCellObject,755.41,310.16,0.0096,0.0044,0.3182,0,0.0448,0.0146
0a5c4ff5-2092-45b9-a9ee-f4cf6d5fdf8a,PathCellObject,1056.6,311.61,0.022,0.0189,0.4244,0.0387,0.1603,0.0491
d78de870-fc3d-4227-8e91-5cd1ae26dad4,PathCellObject,952.55,312.45,0.0194,0.0132,0.2773,0.0995,0.1339,0.0593
c2401dfc-7918-45ee-8aac-ea58962dca8c,PathCellObject,1091.7,311.47,0.0669,0.0134,0.2829,0.0475,0.1758,0.0401
d394b0c3-7023-4f24-a49e-14e256b9d707,PathCellObject,873.38,312.59,0.0444,0.017,0.5847,0.0001,0.167,0.0653
f90d4f40-a129-476a-91d5-ec48bad9c01b,PathCellObject,1024.8,314.28,0.0175,0.011,0.3848,0.0658,0.1336,0.0213
f07e4a0c-c0c8-487f-8c74-da9ccd3e1d38,PathCellObject,712.65,312.41,0.0141,0.008,0.2955,0,0.0676,0.0291
4f064612-dcc7-40ac-8ccb-8bd5757b08eb,PathCellObject,923.41,316.18,0.0198,0.013,0.4305,0.0553,0.1371,0.0339
3f9e7d54-1699-48c8-8043-e1a337ee3cd2,PathCellObject,798.37,313.5,0.0185,0.0143,0.6634,0,0.1067,0.0336
c9490a28-db29-462e-8726-e29f1d22cd2f,PathCellObject,814.94,314.47,0.0886,0.0324,0.6125,0,0.1188,0.1433
60dda9ad-f9e7-48c8-a65e-ab7b2f4aeb53,PathCellObject,766.2,315.11,0.0195,0.0093,0.4139,0,0.0636,0.0349
3c0dbca6-7c72-4991-a6a3-984957230c7b,PathCellObject,976.28,313.7,0.0252,0.0188,0.0999,0.0097,0.0846,0.0869
b05f9b73-1278-41f8-aecd-d27c3f22899c,PathCellObject,836.74,314.9,0.1668,0.0922,0.38,0,0.1515,0.3832
bd39568a-d154-461e-8814-2388e1415db1,PathCellObject,856.77,316.26,0.0361,0.0334,0.5687,0,0.1427,0.1117
09c6a7f4-693c-4279-be67-6f5e03600308,PathCellObject,844.23,315.27,0.0542,0.0268,0.457,0.0001,0.1145,0.1326
2b04ab6a-87f1-44ce-9ad2-52f12b80406a,PathCellObject,803.15,320.47,0.0192,0.0114,0.4681,0,0.1023,0.0429
5663d8cb-7e42-485e-b782-59c9d18d2575,PathCellObject,785.79,316.98,0.0221,0.0197,0.4937,0,0.0934,0.074
2db45925-3eb5-4c03-b614-34b27339312f,PathCellObject,901.59,319.16,0.0189,0.0262,0.5827,0.0478,0.1251,0.0531
511260c9-dc0c-45f6-9578-935fdf6a50f9,PathCellObject,779.28,317.15,0.1349,0.1211,0.6312,0,0.1322,0.4107
d9a3ef80-34fb-43ec-b36c-a763a0095fb8,PathCellObject,1057.2,317.56,0.0249,0.0152,0.6524,0.0179,0.1718,0.0288
4d276f40-37c2-487d-9e44-71188976f7a6,PathCellObject,1061.8,321.32,0.0298,0.0209,0.4658,0.0251,0.1816,0.0465
96374e30-c255-4bf9-b288-0e9218ecc533,PathCellObject,1079.7,317.07,0.0252,0.0104,0.2303,0.0063,0.1193,0.0253
a0b361b3-4a64-4846-87f1-c551053ce749,PathCellObject,868.82,321.81,0.0636,0.0241,0.3952,0,0.1098,0.1018
d35ccf24-3a8f-4a36-b527-0432690658e1,PathCellObject,1071.4,319.28,0.0922,0.048,0.7148,0.0097,0.1756,0.1642
9f7320dd-589e-43ba-946b-ad2e199c6bb6,PathCellObject,740.52,319.27,0.0233,0.0099,0.5877,0,0.0926,0.0362
7416d059-fd21-4905-9817-8fe79e96e67e,PathCellObject,962.21,323.22,0.0215,0.0178,0.6369,0.0143,0.1254,0.0721
b162142d-7221-4960-acda-011dce9c360f,PathCellObject,772.93,322.53,0.1181,0.0596,0.9035,0,0.1323,0.2106
059356b7-7c2d-46f9-8b5e-71987841ebc9,PathCellObject,1029.4,324.32,0.0263,0.0181,0.4953,0.0564,0.1634,0.0354
c2776357-b24c-4e26-9511-0a7ff59cbb49,PathCellObject,723.38,321.73,0.0244,0.0174,0.6799,0,0.1209,0.0652
b6cb2789-897a-40c3-9e7a-ef70d28f5413,PathCellObject,731.07,319.64,0.0184,0.0099,0.4811,0,0.1019,0.0314
5eb174f4-7355-4c1d-a466-d231ceca28b0,PathCellObject,828.3,321.63,0.0703,0.0708,0.731,0,0.1583,0.2448
d3c05afb-1c8d-4050-b71a-da4c8cb36035,PathCellObject,944.37,322.64,0.021,0.0177,0.4935,0.0455,0.1445,0.0547
e3da8bd1-6d8f-4156-8880-64517e4babb2,PathCellObject,974.43,322.65,0.0232,0.0174,0.4728,0.0095,0.1301,0.0573
ec29443e-a5fb-4206-b180-09bb8c752a58,PathCellObject,795.23,321.93,0.0228,0.0145,0.651,0,0.1536,0.0552
45b0fcc3-424c-43c6-9474-6f28e588a649,PathCellObject,954.17,320.31,0.0216,0.0188,0.3899,0.0684,0.1493,0.0638
a781175b-9810-40ba-97f6-54869d165a9a,PathCellObject,1001.8,322.45,0.0218,0.0223,0.4531,0.0957,0.1547,0.0412
70c60346-0570-4645-9053-272572e923c6,PathCellObject,714.34,321.14,0.0491,0.0753,0.7793,0,0.1711,0.3475
8109b1bd-be50-48a0-a3c4-2baf669384aa,PathCellObject,811.22,324.04,0.0772,0.0519,1.0177,0,0.1474,0.2051
0b1b2e72-996e-4603-8641-0b689daa17fc,PathCellObject,1051.9,322.76,0.0195,0.0139,0.6516,0.0257,0.1528,0.0289
76e5cc4c-1c1f-4619-9b00-c36007e2f9ae,PathCellObject,1112.6,322.07,0.0177,0.0061,0.2618,0.0218,0.1408,0.0136
5026f89f-17ad-4fb2-b0df-ad4ca73a1209,PathCellObject,843.37,322.27,0.04,0.0239,0.6729,0,0.1237,0.1036
fbaf0030-96e0-4185-b4ff-c0a4ba2c0761,PathCellObject,854.78,323.47,0.0846,0.073,0.8534,0,0.1456,0.2609
48a990a6-d4c3-4da8-813c-c6d8994dee4a,PathCellObject,1100.2,323.79,0.0194,0.0055,0.3207,0.0003,0.0939,0.0184
4c1759f7-c91a-49be-b990-32933fa679ea,PathCellObject,1082,324.23,0.0848,0.032,0.5666,0.0001,0.1451,0.1357
a84c1f98-131b-4a63-9a33-e6db63fe95f5,PathCellObject,951.23,327.82,0.0214,0.0196,0.5669,0.0322,0.1398,0.0564
56d8c23c-3c90-464c-a9bb-c517b7e12943,PathCellObject,747.45,325.27,0.0641,0.0301,0.8005,0,0.0768,0.0855
d5d3cb7e-1429-4589-9975-08bb4a24a805,PathCellObject,757.99,323.3,0.1017,0.0614,0.4295,0,0.0846,0.2045
4ac98947-94a8-481e-8cf7-315f8a26ab75,PathCellObject,787.63,326.17,0.034,0.0138,0.3847,0,0.1177,0.0497
848a898c-2125-49b4-b12e-26cc061f80e5,PathCellObject,987.56,326.62,0.0219,0.0267,0.5153,0.0604,0.1356,0.071
9f9cac3d-7835-4e56-b662-b9df6b7e81d5,PathCellObject,732.1,325.7,0.0261,0.0149,0.6433,0,0.128,0.0307
eedebb08-a086-4f8f-91a0-b3f1714f15cb,PathCellObject,1070.5,326.01,0.0642,0.0206,0.4856,0.0002,0.1589,0.0806
68ed431a-8108-4111-beb6-ade03d914a07,PathCellObject,763.96,325.41,0.2876,0.1764,0.7238,0,0.1497,0.5216
3a459ec0-57f1-421e-8aaa-d328ca7bc23b,PathCellObject,931.41,327.87,0.0174,0.0121,0.1745,0.0625,0.1219,0.0503
197e9928-670c-4d2c-ae95-8ff2cdb26c69,PathCellObject,1044.9,328.48,0.0225,0.018,0.4582,0.0628,0.1674,0.0384
94999259-aaf4-4b64-b494-06ce3acb2b64,PathCellObject,1090.6,326.39,0.0248,0.0096,0.3602,0.0002,0.0793,0.0311
8a769d83-cdc4-4ec3-bf49-d5ad27c01afe,PathCellObject,859.46,327.15,0.0663,0.0642,0.531,0,0.1664,0.2331
a2050c2f-cfdb-461d-bd5e-e93373d1b6f2,PathCellObject,712.49,327.88,0.027,0.0168,0.7954,0,0.1112,0.0623
19654285-d67b-44b1-bda0-1294b8a26679,PathCellObject,740.43,327.42,0.1385,0.0827,1.1376,0,0.0817,0.2661
e12ee607-6923-4b6a-8f71-d659a2cf9cf4,PathCellObject,842.48,329.61,0.0563,0.0298,0.6424,0.0002,0.107,0.1062
a2f5fbc1-929d-4c9c-9832-7e6e47686493,PathCellObject,753.5,328.09,0.0495,0.0195,0.3187,0,0.0889,0.1019
fc37d341-9061-4449-9a58-b28e3a2071d1,PathCellObject,830.64,329.15,0.0375,0.0215,0.5641,0,0.1571,0.073
4b968ba5-0789-4747-87fc-f1de479e820e,PathCellObject,822.54,329.64,0.0583,0.0358,0.637,0,0.2043,0.1182
d138db7d-cff8-4ea5-bae4-62c9fbf1b06b,PathCellObject,924.26,330.62,0.0235,0.0227,0.4873,0.0181,0.1457,0.0986
a70c38fa-64f2-4310-b14c-7e3c5a10814c,PathCellObject,1000.1,329.39,0.0181,0.0091,0.3426,0.0612,0.105,0.0291
88b18b5e-cac9-4c48-b9a5-03386d6f9d2a,PathCellObject,1063.2,334.01,0.0347,0.0139,0.5389,0.0002,0.1864,0.0473
492bd57a-ce56-4f53-8add-6cd507df807e,PathCellObject,809.09,331.35,0.1029,0.0959,0.4529,0.0028,0.1429,0.2715
e3a7e565-5b1d-4fbd-af7a-22fa74d0c8de,PathCellObject,852.79,332.21,0.0935,0.0324,0.4017,0.0013,0.1117,0.1191
df4429da-4f42-44b0-99bd-5e2982b14cfd,PathCellObject,895.81,330.19,0.0233,0.0307,0.0713,0.0319,0.1069,0.1629
f57482cb-595e-4310-8497-c03dc3a2d8b9,PathCellObject,722.44,331.92,0.0166,0.0076,0.5664,0,0.0883,0.0327
b46fd1c2-b04b-48a5-aeaf-29bce1763613,PathCellObject,764.62,330.92,0.0574,0.0285,0.5758,0,0.0829,0.1177
5114b42e-5e9b-4832-9adc-f4b60d304005,PathCellObject,864.83,333.16,0.0543,0.0283,0.5043,0.0002,0.1374,0.13
9fbcf1e5-36e7-4b96-84aa-5cf150e427d1,PathCellObject,976.79,331.95,0.0214,0.0213,0.5285,0.0141,0.1155,0.0862
6632b5f4-4737-418e-9d89-92dd7b5a35df,PathCellObject,778.16,332.38,0.04,0.0273,0.4382,0.0002,0.1024,0.0727
1b283203-927c-42a2-8b46-d34cecba5f2c,PathCellObject,1102.7,331.14,0.0302,0.0135,0.304,0.0002,0.0879,0.0762
c9c176a9-34d3-428d-addb-6eec4e29fda4,PathCellObject,734.81,332.42,0.0221,0.0116,0.8142,0,0.0824,0.0459
a389e655-cc77-49b9-a98d-3131c79b8718,PathCellObject,1014.9,332.55,0.022,0.0219,0.3808,0.0357,0.1486,0.0426
34c4a11d-ca29-4d4d-a256-6c372ff3f8fc,PathCellObject,1053.7,333.26,0.0149,0.0079,0.3476,0.0194,0.0984,0.0199
9d128747-e416-41aa-afc5-e7d0035871ba,PathCellObject,837.53,337.03,0.0362,0.0239,0.5607,0.02,0.1213,0.1056
8c97fa2f-203f-4765-8f4f-a543b7d06b6e,PathCellObject,1110.2,334.14,0.028,0.0043,0.1675,0.0003,0.0531,0.0182
262b76b4-a718-4828-8574-8f73c195b54c,PathCellObject,1002.9,334.82,0.0386,0.0168,0.3528,0.0156,0.1437,0.0679
784a07fd-59b2-43d5-a3f5-c46a1826fff6,PathCellObject,1117,333.7,0.0084,0.0032,0.2346,0.0008,0.0522,0.0082
d9db4e7d-e39a-4a06-85d2-9d103ab4c4c1,PathCellObject,1095.4,336.23,0.0316,0.0148,0.6065,0.0001,0.0944,0.0544
70d68728-6239-4fa6-99c4-c95dbb747cd4,PathCellObject,992.28,336.17,0.0164,0.0099,0.2973,0.0116,0.0853,0.0341
840e8fc4-8624-4a88-81be-29af877df018,PathCellObject,1081.3,335.91,0.0283,0.0086,0.3312,0.0001,0.1212,0.0293
bfdc2311-5061-405b-ad9a-e1be6f4a7f85,PathCellObject,757.21,337.6,0.0614,0.0574,0.8644,0,0.1025,0.1351
569c62d0-470e-493c-b58a-735b179a9fc5,PathCellObject,810.3,337.77,0.0547,0.0378,0.5857,0.0009,0.216,0.1151
c38418cd-5824-4e99-9ff4-d95de6306d6d,PathCellObject,828.13,337.43,0.0383,0.019,0.4961,0.0146,0.1966,0.0814
a74544c8-884d-4c07-8b6b-0d2e2ee5fc9e,PathCellObject,1025.4,336.45,0.0245,0.0229,0.5198,0.0212,0.1721,0.041
8280ec16-1d54-4abf-92cc-9dc398c5559b,PathCellObject,711.6,336.02,0.0253,0.0203,0.3522,0,0.1327,0.0529
647d5b41-e694-4635-8037-175ebfc8ba60,PathCellObject,918.54,341.46,0.0224,0.015,0.3024,0.0316,0.1314,0.0739
05bc2f5e-24b6-4ef6-ac46-e43dc1588994,PathCellObject,923.74,338.37,0.0236,0.0283,0.7379,0.0155,0.153,0.0875
cdb87562-75c0-4d74-9a99-097f30554629,PathCellObject,733.26,337.95,0.026,0.0165,0.3908,0,0.0922,0.0737
0bb6ca9a-09b7-4b6c-bfae-38a1b932367f,PathCellObject,765.46,338.33,0.0846,0.0703,0.6355,0.0009,0.1071,0.1816
80b0ac2d-23ec-4b26-b715-eb28dbc82e70,PathCellObject,819.8,339.29,0.0363,0.0219,0.6359,0.0112,0.1265,0.0777
77ed7ca7-700b-4669-a56c-044d462619e3,PathCellObject,932.02,340.28,0.0201,0.0214,0.2098,0.0303,0.1303,0.0878
628a8e2e-30a2-4655-a8e1-ce8943c665c8,PathCellObject,1015.1,342.58,0.0233,0.0231,0.7897,0.0042,0.1634,0.0455
76a3ada2-53bd-41ac-be08-3cee3cc02b90,PathCellObject,714.33,341.65,0.0323,0.0139,0.3139,0,0.1004,0.0469
a5bebc31-d631-4f6d-8ac2-26b6f965001c,PathCellObject,741.4,341.43,0.0208,0.0143,0.5159,0,0.1036,0.0501
f92e9320-5e06-4854-b19c-1c5b7adf28d5,PathCellObject,748.6,339.03,0.0249,0.0191,0.4712,0,0.1139,0.0872
fd3d5781-e0dd-4176-b712-ba88c30bebda,PathCellObject,867.03,340.99,0.0421,0.0216,0.2953,0.0008,0.1079,0.1016
4236cbca-0e99-4e16-9f39-cf65a492945f,PathCellObject,1103.4,342.35,0.0637,0.0644,0.4867,0.0004,0.1172,0.1755
4eefa9a1-677b-4872-b3f1-e0066fe692e7,PathCellObject,1111.8,341.84,0.0245,0.0067,0.4593,0.0002,0.0713,0.0238
496f57c4-c939-4e6c-90ee-4bdde13287d5,PathCellObject,999.22,345.59,0.033,0.019,0.3592,0.0257,0.1221,0.0888
cb5623db-bf36-487e-8509-3e8475a4c14e,PathCellObject,1124.3,344.23,0.0193,0.0064,0.671,0.0004,0.0877,0.0168
d5de24f3-e8e6-4d9f-bb59-28338114f4e0,PathCellObject,1083.3,343.95,0.0181,0.0074,0.3156,0.0005,0.0848,0.0141
74b01824-2130-4d87-9351-51a87e2dfebb,PathCellObject,1093,344.52,0.0356,0.0152,0.3353,0.0003,0.0836,0.0493
d7cf0fe4-907b-420a-a9f7-7ef582e1057a,PathCellObject,748.28,344.44,0.0247,0.0166,0.6418,0.0005,0.1048,0.0692
ac0f7bd6-0cae-4588-a23d-d8fb552abd18,PathCellObject,810.24,346.53,0.0514,0.0351,0.4496,0.0116,0.1562,0.1162
67025806-3496-4ccb-accb-67aff50c6b79,PathCellObject,1039.5,346.59,0.0199,0.0164,0.452,0.0861,0.1563,0.0352
3c0bd0a3-46b5-44ed-aca6-8da79e36b24b,PathCellObject,1048.1,346.06,0.0177,0.0145,0.3457,0.0524,0.1433,0.0407
101e7aa4-ffda-416c-ba53-5d0aec9f6107,PathCellObject,797.28,344.84,0.0309,0.0211,0.2817,0.0242,0.131,0.0639
b5d83207-6535-41bd-9c10-66c9ddde12e6,PathCellObject,983.57,345.61,0.0246,0.0211,0.2797,0.0403,0.1433,0.0875
41fea24e-90bc-49c5-8b3f-40a3580c5eaf,PathCellObject,778.51,346,0.052,0.0309,0.3693,0.0142,0.1345,0.1009
3686e27e-9c79-4440-9817-3bf19eb3254c,PathCellObject,824.19,347.96,0.044,0.028,0.5003,0.0103,0.1506,0.1038
2b599dd3-250f-4b2e-ae0a-3f33335b5941,PathCellObject,839.79,347.05,0.0572,0.0339,0.4614,0.0181,0.1468,0.1304
5b14584d-f5fc-4c24-b890-c6c8d91041ce,PathCellObject,853.89,346.38,0.0736,0.042,0.3832,0.0117,0.1559,0.1522
a9831253-590b-48a7-b392-dd8f46d27b6e,PathCellObject,867.29,347.9,0.0582,0.0309,0.3759,0.0091,0.1567,0.1139
85422ea3-c811-4547-a0ef-6cfda40abb5a,PathCellObject,767.67,347.42,0.0725,0.0421,0.4533,0.0063,0.1228,0.1342
d0d00a41-203e-4194-832e-ce70d7877c39,PathCellObject,1055.7,347.12,0.0251,0.0156,0.4696,0.0037,0.1107,0.0582
4bf20838-64c0-4972-ad44-c35f62175b28,PathCellObject,1077.5,347.26,0.1143,0.0273,0.4923,0.0001,0.121,0.0942
079605c5-abd5-4f95-96aa-a3f2e9197324,PathCellObject,1117.2,348.94,0.1317,0.0567,0.6962,0,0.1299,0.1898
f8316dc9-f1ea-42ab-a207-59bc6495e093,PathCellObject,760.48,349.67,0.0421,0.0274,0.417,0.0092,0.1039,0.0795
c211b449-66df-41b1-8367-37d3e6f1bb65,PathCellObject,1020.5,352.07,0.0265,0.0339,0.6479,0.0134,0.2041,0.056
02aea039-145c-4828-96f5-e35971936610,PathCellObject,1106.2,349.59,0.0549,0.024,0.3868,0.0001,0.128,0.0791
82104c46-3285-445d-81a4-8e5355c2ca0a,PathCellObject,973.51,348.96,0.0255,0.0271,0.1983,0.0001,0.066,0.0919
5126ead2-891b-4aaa-9889-f4424fd0f87f,PathCellObject,745.08,352.49,0.03,0.0163,0.416,0.0086,0.1158,0.0552
4a682567-5627-4dde-888d-d20383a7955c,PathCellObject,1062.4,350.77,0.1144,0.0625,1.0489,0.0001,0.1899,0.2551
6acc400b-1327-4b71-afa8-675bb9f58c4f,PathCellObject,1013.3,351.39,0.0264,0.0317,0.8184,0,0.1907,0.0493
df0c81db-7f8f-491b-8cc1-cd0888aad7bd,PathCellObject,1070,351.95,0.1155,0.0423,0.8011,0.0001,0.435,0.1635
8af6e137-d7c6-41fa-a054-1da63544d38f,PathCellObject,1132,352.79,0.0116,0.005,0.2803,0.0026,0.0821,0.0105
1962ebd9-642b-4971-a2ad-6b1ad1e372a5,PathCellObject,1029.3,354.18,0.0199,0.0203,0.2774,0.0929,0.1502,0.0465
8c172d9f-5baa-44b8-8182-f1e3ab62b5cb,PathCellObject,942.2,355.36,0.0213,0.0202,0.3757,0.0276,0.1283,0.0791
21bde89d-039d-42a4-93e0-f82b709b2705,PathCellObject,1041.3,356.84,0.0197,0.018,0.4785,0.0656,0.1513,0.0428
7bdcf87e-ff15-465f-a2fb-409892eab56b,PathCellObject,1108.2,356.11,0.0112,0.0043,0.1938,0.0007,0.0466,0.0131
f9dd06a7-b2f7-4993-9df5-036166ed83fe,PathCellObject,720.76,359.95,0.0242,0.0139,0.342,0.0056,0.1049,0.0471
5f776562-a12c-4046-88bd-32594d5efe1a,PathCellObject,915.39,356.66,0.0403,0.03,0.3172,0.0619,0.1771,0.1046
afa3f37e-823f-418a-bf38-eb48bae08b4b,PathCellObject,1058.8,357.79,0.0226,0.0178,0.4404,0.0023,0.1114,0.0636
21d4d014-3f31-497d-8857-30e51d17e4b7,PathCellObject,1006.2,359.13,0.0143,0.0233,0.1482,0.0348,0.0757,0.1045
7cc29763-5324-41f9-9467-c7f6a0836060,PathCellObject,1013.4,358.26,0.0211,0.024,0.3832,0.0069,0.1509,0.056
57f74323-2df7-454a-b931-bead766fc4b0,PathCellObject,1086.8,361.95,0.0166,0.0095,0.4514,0.0483,0.1272,0.0204
e2fbe7c9-e295-4afd-b548-7d99219f6ad2,PathCellObject,1116.8,360.58,0.0166,0.0063,0.5692,0,0.0858,0.0179
3005c2b9-f1dd-4792-b857-8968c036c3f8,PathCellObject,1068.1,361.23,0.0146,0.0089,0.572,0.0001,0.0883,0.0262
c1ffe701-8cc9-4dec-b30d-359b2342c363,PathCellObject,1133,359.85,0.0184,0.0088,0.1319,0.0311,0.1789,0.019
b749164c-b033-4cef-9dae-abb3437ad7b3,PathCellObject,1050.5,361.95,0.0136,0.0089,0.4029,0.0086,0.0929,0.0302
ff644737-e611-4034-93e1-51fa8feb3a89,PathCellObject,938.18,365.16,0.0333,0.0293,0.2695,0.0603,0.1467,0.1091
839a2aec-ef75-4f06-bbab-0a75cc2294ad,PathCellObject,1076.3,364.09,0.0188,0.0101,0.4759,0.0093,0.1205,0.0273
e8f2d515-8869-406b-8b4f-715f3031415d,PathCellObject,1136.3,367.94,0.0181,0.0096,0.2293,0.0327,0.1663,0.02
c891c4bc-50bf-47df-b2aa-98bad2971835,PathCellObject,1097.7,366.23,0.0206,0.0106,0.2109,0.0974,0.1626,0.0271
f0e70194-609d-48ce-9e6f-e5936e324c31,PathCellObject,1042.3,365.52,0.0171,0.0114,0.688,0.0127,0.1082,0.0379
45814a91-cf4a-4654-a78b-826de5749882,PathCellObject,1029.5,364.66,0.02,0.0158,0.1911,0.0676,0.115,0.0605
498ed665-6673-459c-bede-09dac126ca8d,PathCellObject,1105.4,367.85,0.0208,0.014,0.583,0.0255,0.1735,0.0263
3cec2ec3-630f-4c22-baa3-21f18f98baaf,PathCellObject,1016.9,367.9,0.0169,0.0132,0.3596,0.01,0.0905,0.0519
c40af176-14d4-4286-b45a-86fb1ddacc1b,PathCellObject,1052.6,367.48,0.0254,0.0214,0.1693,0.0047,0.093,0.0803
f38bfd64-5706-4843-a313-1f78eb28792b,PathCellObject,1119.3,370.18,0.0119,0.0054,0.4358,0.0057,0.0825,0.0133
4461815d-20f4-42fd-9e01-c1ff6ad39f49,PathCellObject,1129.4,368.67,0.0117,0.0053,0.3199,0.0058,0.0737,0.0128
fd1dc52b-31e7-436c-b584-370571c24849,PathCellObject,1112.2,368.94,0.019,0.0108,0.5352,0.0243,0.1654,0.0253
b36b49c9-a1b6-4d7d-92ab-48c0b8655bc8,PathCellObject,1069.9,369.87,0.0138,0.0075,0.4816,0.0002,0.0989,0.0187
6125077a-0a71-455b-bc7d-fb2b873c1393,PathCellObject,1082,371.03,0.0831,0.02,0.723,0.0002,0.1212,0.0918
a5bd9caa-e15f-4d7b-9d6e-28d462fe839f,PathCellObject,1034.5,369.73,0.0184,0.0181,0.74,0.0002,0.107,0.0744
1dbb42be-aae3-4b59-a414-1849e7163380,PathCellObject,1093.4,373.58,0.032,0.0081,0.3698,0.0038,0.1023,0.0329
0708ab16-a5e8-4a95-b18e-7e4adc7b50c4,PathCellObject,1062.5,374.42,0.015,0.0094,0.5131,0.0001,0.0904,0.0369
2fc90dc5-76f6-4ca5-8661-7c137394079a,PathCellObject,1028.6,374.29,0.0255,0.02,0.4805,0.0005,0.1187,0.064
410764c4-1d18-40d1-a39e-e1582ba9867b,PathCellObject,1040.9,373.68,0.0133,0.0118,0.6003,0.0001,0.0868,0.027
3cab0f3f-af46-4038-8e49-6163c548e4b8,PathCellObject,1105.9,375.65,0.0173,0.0126,0.4719,0.0562,0.1236,0.0236
b05d23ea-f97d-497f-941f-6b5f6c9cdb3e,PathCellObject,1134.8,376.93,0.0226,0.0077,0.4093,0.0653,0.1475,0.0224
ed9771a3-64d0-4427-b509-e3dd66f7d109,PathCellObject,1118,378.48,0.0247,0.0142,0.5499,0.0242,0.1785,0.0733
d8951f5b-d709-4b9e-9437-ad624c3db268,PathCellObject,1127.2,378.24,0.0207,0.0112,0.3363,0.0236,0.1655,0.0191
a35ea468-d6b4-438b-98ab-8037a1cdea79,PathCellObject,1084.4,377.35,0.0258,0.0081,0.6487,0.0004,0.1176,0.0207
a9828825-13af-4e05-8111-ed9f488678cc,PathCellObject,1072.5,378.67,0.0136,0.0075,0.461,0.0002,0.0903,0.0252
4b8a5cfd-7676-4f9c-b30b-0db1b0426021,PathCellObject,1043.6,379.02,0.0141,0.0105,0.707,0,0.1052,0.0274
373c10a1-980c-4120-8048-65910c6e6775,PathCellObject,1111.2,381.68,0.0252,0.0187,0.6744,0.0429,0.1767,0.033
8053603e-2276-4603-86ed-4cb0969a4974,PathCellObject,1083.9,383.32,0.0183,0.0094,0.9956,0.0001,0.1003,0.0248
68cfd9c2-ef97-4126-a7be-2b579a54065d,PathCellObject,1140.6,386.69,0.0229,0.009,0.3769,0.0487,0.1766,0.0186
ace343b2-ce59-4ab0-a712-814012a3757d,PathCellObject,1105.1,385.16,0.1071,0.0517,0.5679,0.0087,0.1058,0.2385
f521f425-f253-405c-b6c2-a64b50cd6d4f,PathCellObject,1133.1,386.37,0.0253,0.0143,0.2625,0.0116,0.1929,0.0243
1b386fef-1b7b-4f91-b846-8ea1c2caf139,PathCellObject,1036.4,386.07,0.0142,0.0167,0.34,0.0001,0.0786,0.0688
0cb0df29-86ae-45f4-ac45-32214b1e0297,PathCellObject,1077.5,386.18,0.0119,0.0078,0.4263,0.0001,0.0748,0.0208
a2979ef6-0d5c-4411-96f8-cd9eb03f9970,PathCellObject,1054.6,386.09,0.0254,0.0307,0.6847,0,0.1,0.1041
da989179-0582-4507-80e1-93baf8ff27e8,PathCellObject,1097.1,386.86,0.1128,0.0569,0.4636,0,0.1102,0.248
b8034c6d-49df-4700-b7f0-4eb65197f677,PathCellObject,1113,387.92,0.0323,0.0138,0.3679,0.0358,0.2444,0.0384
05c8ff3d-86bc-4d4a-9a48-2610f15c7af7,PathCellObject,1062.8,387.4,0.0145,0.0101,0.5688,0.0001,0.0807,0.0365
5ff6059e-9778-4300-8565-e5217612a2f5,PathCellObject,1047.9,387.8,0.0205,0.0182,0.2695,0.0001,0.0832,0.0725
942c13b3-974e-4f69-9d98-5c5a79cc1d00,PathCellObject,1125.9,388.88,0.0252,0.0109,0.5075,0.0189,0.1741,0.0246
2df91949-48d2-473c-8365-9fa7462c09ac,PathCellObject,1087.5,390.6,0.0202,0.0094,0.2345,0.0003,0.1205,0.0419
8ce97ed3-a3f9-4475-bd9a-e4fbda0f19f5,PathCellObject,1055.9,394.26,0.0131,0.017,0.5075,0.0001,0.0481,0.0532
4be9c268-01bb-44fc-a921-e52a10a712fd,PathCellObject,1102.7,395.72,0.0493,0.0253,0.5969,0.0001,0.1034,0.1161
1b0fbb71-ffb0-464b-9ec3-80204058bf70,PathCellObject,1120.1,399.34,0.0554,0.0427,0.453,0.0113,0.2001,0.1101
4b5071ce-2974-4ed1-9b48-d7ef3e61e856,PathCellObject,1131.7,401.96,0.0438,0.0243,0.317,0.0082,0.2035,0.0516
f52129c3-064f-48ef-b334-045d51bdfb0f,PathCellObject,1062.1,397.47,0.0159,0.0128,0.3432,0.0001,0.0724,0.0603
af868170-f16a-42ab-b6d3-ae4bf06a2a0a,PathCellObject,1141.9,398.37,0.0245,0.0089,0.1059,0.0433,0.158,0.0202
9e73b235-8b72-4833-92e8-b1310a95d4f7,PathCellObject,1073.1,399.03,0.0249,0.036,0.5574,0,0.1006,0.1319
1540b81a-8d9e-4e18-aa28-1af84c25b023,PathCellObject,1096.5,401.21,0.0258,0.0164,0.2456,0,0.1051,0.0509
524c545b-3987-421f-bd50-0c558f2d7d38,PathCellObject,1110.3,402.15,0.0225,0.0084,0.1955,0.0146,0.1491,0.0275
8703b0ba-6bab-490a-8488-1fc8e73997db,PathCellObject,1149.3,402.93,0.0203,0.0059,0.1212,0.0066,0.1082,0.0107
4fdaed0a-202b-4a93-9bbd-bfd523bf3dc5,PathCellObject,1084.6,403.05,0.0202,0.0138,0.2384,0.0003,0.1005,0.0712
c43e9b33-2d2a-4648-afb8-ad0e5f6bcbfd,PathCellObject,1079.3,408.56,0.0707,0.1196,0.3364,0,0.1329,0.4042
5488b155-e245-4590-97ec-04ecf0304a43,PathCellObject,1144.8,409.16,0.0208,0.009,0.1775,0.0499,0.1825,0.0164
c7c67b8e-a0d2-44a3-8131-584c876d71bd,PathCellObject,1060.5,411.47,0.051,0.1241,0.4017,0,0.2092,0.4734
17d0fdc7-9c27-46eb-bb15-8b7e023f65c6,PathCellObject,1115,411.66,0.0137,0.0061,0.1068,0.0049,0.0718,0.0181
378d7b70-fae9-48eb-b08e-b2e8cf7363df,PathCellObject,1120.8,414.26,0.0178,0.0061,0.0935,0.0095,0.1172,0.0168
e1dd9f4a-b1b0-4571-807d-705c141d614a,PathCellObject,1138.3,416.86,0.0262,0.01,0.1118,0.1276,0.1763,0.0247
a5445591-c7f7-4d41-b9ac-dd61c432d0f1,PathCellObject,1074.4,416.51,0.0465,0.4842,0.0791,0.0009,0.0551,0.4521
6193ad67-a17a-4d34-82b5-9bc64872a024,PathCellObject,1156.6,417.78,0.0094,0.0043,0.0949,0.0002,0.0745,0.009
bb0cdfd0-7df6-4c20-aafe-423b0c0631f7,PathCellObject,1122.8,422.95,0.017,0.0094,0.1564,0.0185,0.1121,0.0138
1d2e6542-61a9-48db-a18c-547e72622fc1,PathCellObject,1141.7,424.03,0.0148,0.0091,0.2324,0.0148,0.1618,0.0097
3c11b3f1-2ebf-4da6-96a5-0eb39bf24d44,PathCellObject,1134.8,429.41,0.0186,0.0082,0.1134,0.0519,0.1673,0.0129
5d778619-0234-4782-8f83-db2bf39a370a,PathCellObject,1128.6,426.33,0.0248,0.0115,0.2735,0.0555,0.2195,0.0179
8064b4b8-250c-48ef-9935-6c06e0d456f9,PathCellObject,1128.3,439.24,0.0136,0.0092,0.2654,0.0058,0.0931,0.0258
9691d37f-bc9a-4d79-8c9c-1b1a1eb8aceb,PathCellObject,1123.5,446.25,0.0094,0.0052,0.3233,0.0026,0.053,0.0192
be1a2e17-e9b5-4fc4-9365-964a76959fe8,PathCellObject,1142.2,447.57,0.0499,0.0094,0.6762,0.0002,0.1952,0.0268
5515a928-0960-4568-8ee3-01178d82ec9c,PathCellObject,1133.1,457.25,0.0099,0.0044,0.161,0.0006,0.0534,0.0208
536bde7c-1424-4461-a1e1-f12eddcf2f5d,PathCellObject,1120.7,459.41,0.0144,0.0154,0.2279,0.0503,0.0912,0.0595
eae7f085-b393-4ff5-b29b-b3e307274ccd,PathCellObject,1139.3,460.87,0.0188,0.0152,0.3307,0.0065,0.0864,0.0674
e58a63db-0770-41a9-9e7a-6b215cc33c1f,PathCellObject,1146.5,461.24,0.0081,0.0041,0.3445,0.0003,0.0512,0.0117
5d8e4f7a-cc48-464c-b1f7-1a0aff247d41,PathCellObject,1153.8,466.02,0.013,0.006,0.2882,0.0241,0.0946,0.0147
f1969832-7851-4193-af52-ef039d4d8a4d,PathCellObject,1144.9,473.96,0.0169,0.0117,0.5223,0.0016,0.0839,0.0606
a0a5a5b5-5a85-4673-8ee2-1df75832cc23,PathCellObject,1158.9,472.95,0.0089,0.0046,0.4941,0.0062,0.067,0.0101
7713b4d5-43c5-4a1f-843b-bad6152915a5,PathCellObject,1164.7,485.35,0.0549,0.0448,0.1483,0,0.0964,0.1373
e502fcd0-6146-4f29-b51d-831b6a1ce9c6,PathCellObject,1144.3,489.4,0.0401,0.0496,0.0835,0.0019,0.1198,0.2382
5bc570df-1581-4b7c-93c7-c73ba4558d2c,PathCellObject,1155.1,494.08,0.0541,0.0877,0.293,0,0.1296,0.2836
c83ef273-798a-4f6b-b8cd-0c68810c4971,PathCellObject,1165.2,534.18,0.0067,0.0061,0.1961,0.0096,0.0537,0.005
